run,layer,epoch,mdk_lambda0
partA_paper_flow_mdk_20260913_202615,0,1,0.3763076066970825
partA_paper_flow_mdk_20260913_202615,0,2,0.3906295597553253
partA_paper_flow_mdk_20260913_202615,0,3,0.39649051427841187
partA_paper_flow_mdk_20260913_202615,0,4,0.4031762480735779
partA_paper_flow_mdk_20260913_202615,0,5,0.4165077805519104
partA_paper_flow_mdk_20260913_202615,0,6,0.4276960492134094
partA_paper_flow_mdk_20260913_202615,0,7,0.45181697607040405
partA_paper_flow_mdk_20260913_202615,0,8,0.4742078185081482
partA_paper_flow_mdk_20260913_202615,0,9,0.4895154535770416
partA_paper_flow_mdk_20260913_202615,0,10,0.4948091506958008
partA_paper_flow_mdk_20260913_202615,0,11,0.5242721438407898
partA_paper_flow_mdk_20260913_202615,0,12,0.5251287817955017
partA_paper_flow_mdk_20260913_202615,0,13,0.5373988747596741
partA_paper_flow_mdk_20260913_202615,0,14,0.5504776835441589
partA_paper_flow_mdk_20260913_202615,0,15,0.5577669739723206
partA_paper_flow_mdk_20260913_202615,0,16,0.5644341111183167
partA_paper_flow_mdk_20260913_202615,0,17,0.5582113265991211
partA_paper_flow_mdk_20260913_202615,0,18,0.5655600428581238
partA_paper_flow_mdk_20260913_202615,0,19,0.5577090382575989
partA_paper_flow_mdk_20260913_202615,0,20,0.5599644780158997
partA_paper_flow_mdk_20260913_202615,0,21,0.5661939978599548
partA_paper_flow_mdk_20260913_202615,0,22,0.5686797499656677
partA_paper_flow_mdk_20260913_202615,0,23,0.5652927160263062
partA_paper_flow_mdk_20260913_202615,0,24,0.5554842352867126
partA_paper_flow_mdk_20260913_202615,0,25,0.5700498223304749
partA_paper_flow_mdk_20260913_202615,0,26,0.5607681274414062
partA_paper_flow_mdk_20260913_202615,0,27,0.5725550651550293
partA_paper_flow_mdk_20260913_202615,0,28,0.5743641257286072
partA_paper_flow_mdk_20260913_202615,0,29,0.5804538130760193
partA_paper_flow_mdk_20260913_202615,0,30,0.5734536051750183
partA_paper_flow_mdk_20260913_202615,0,31,0.5806703567504883
partA_paper_flow_mdk_20260913_202615,0,32,0.5846520066261292
partA_paper_flow_mdk_20260913_202615,0,33,0.5755959153175354
partA_paper_flow_mdk_20260913_202615,0,34,0.5655668377876282
partA_paper_flow_mdk_20260913_202615,0,35,0.5700069665908813
partA_paper_flow_mdk_20260913_202615,0,36,0.5843209624290466
partA_paper_flow_mdk_20260913_202615,0,37,0.5863823294639587
partA_paper_flow_mdk_20260913_202615,0,38,0.591256856918335
partA_paper_flow_mdk_20260913_202615,0,39,0.583092212677002
partA_paper_flow_mdk_20260913_202615,0,40,0.5897983908653259
partA_paper_flow_mdk_20260913_202615,0,41,0.5905035138130188
partA_paper_flow_mdk_20260913_202615,0,42,0.5838016271591187
partA_paper_flow_mdk_20260913_202615,0,43,0.5798713564872742
partA_paper_flow_mdk_20260913_202615,0,44,0.5858506560325623
partA_paper_flow_mdk_20260913_202615,0,45,0.6026730537414551
partA_paper_flow_mdk_20260913_202615,0,46,0.5961931347846985
partA_paper_flow_mdk_20260913_202615,0,47,0.5955963730812073
partA_paper_flow_mdk_20260913_202615,0,48,0.5968992710113525
partA_paper_flow_mdk_20260913_202615,0,49,0.6009986400604248
partA_paper_flow_mdk_20260913_202615,0,50,0.59885174036026
partA_paper_flow_mdk_20260913_202615,0,51,0.5980588793754578
partA_paper_flow_mdk_20260913_202615,0,52,0.6026574969291687
partA_paper_flow_mdk_20260913_202615,0,53,0.6091605424880981
partA_paper_flow_mdk_20260913_202615,0,54,0.6070659756660461
partA_paper_flow_mdk_20260913_202615,0,55,0.6124460101127625
partA_paper_flow_mdk_20260913_202615,0,56,0.6099632978439331
partA_paper_flow_mdk_20260913_202615,0,57,0.6172910928726196
partA_paper_flow_mdk_20260913_202615,0,58,0.6096376180648804
partA_paper_flow_mdk_20260913_202615,0,59,0.6062036156654358
partA_paper_flow_mdk_20260913_202615,0,60,0.5991203784942627
partA_paper_flow_mdk_20260913_202615,0,61,0.6014229655265808
partA_paper_flow_mdk_20260913_202615,0,62,0.6049432158470154
partA_paper_flow_mdk_20260913_202615,0,63,0.6091737151145935
partA_paper_flow_mdk_20260913_202615,0,64,0.6040258407592773
partA_paper_flow_mdk_20260913_202615,0,65,0.6033697128295898
partA_paper_flow_mdk_20260913_202615,0,66,0.596968412399292
partA_paper_flow_mdk_20260913_202615,0,67,0.6019819378852844
partA_paper_flow_mdk_20260913_202615,0,68,0.6018016934394836
partA_paper_flow_mdk_20260913_202615,0,69,0.5975521802902222
partA_paper_flow_mdk_20260913_202615,0,70,0.5955640077590942
partA_paper_flow_mdk_20260913_202615,0,71,0.5982511043548584
partA_paper_flow_mdk_20260913_202615,0,72,0.6009613275527954
partA_paper_flow_mdk_20260913_202615,0,73,0.6034855842590332
partA_paper_flow_mdk_20260913_202615,0,74,0.600894570350647
partA_paper_flow_mdk_20260913_202615,0,75,0.5999177098274231
partA_paper_flow_mdk_20260913_202615,0,76,0.6031243205070496
partA_paper_flow_mdk_20260913_202615,0,77,0.5960320234298706
partA_paper_flow_mdk_20260913_202615,0,78,0.6004732251167297
partA_paper_flow_mdk_20260913_202615,0,79,0.5993404984474182
partA_paper_flow_mdk_20260913_202615,0,80,0.5954327583312988
partA_paper_flow_mdk_20260913_202615,0,81,0.5990594029426575
partA_paper_flow_mdk_20260913_202615,0,82,0.597004234790802
partA_paper_flow_mdk_20260913_202615,0,83,0.595907986164093
partA_paper_flow_mdk_20260913_202615,0,84,0.5981231927871704
partA_paper_flow_mdk_20260913_202615,0,85,0.6013824939727783
partA_paper_flow_mdk_20260913_202615,0,86,0.5994082689285278
partA_paper_flow_mdk_20260913_202615,0,87,0.6010359525680542
partA_paper_flow_mdk_20260913_202615,0,88,0.5960398316383362
partA_paper_flow_mdk_20260913_202615,0,89,0.5971863269805908
partA_paper_flow_mdk_20260913_202615,0,90,0.5972598195075989
partA_paper_flow_mdk_20260913_202615,0,91,0.5931347608566284
partA_paper_flow_mdk_20260913_202615,0,92,0.5970686674118042
partA_paper_flow_mdk_20260913_202615,0,93,0.5923004150390625
partA_paper_flow_mdk_20260913_202615,0,94,0.594037652015686
partA_paper_flow_mdk_20260913_202615,0,95,0.596162736415863
partA_paper_flow_mdk_20260913_202615,0,96,0.601070761680603
partA_paper_flow_mdk_20260913_202615,0,97,0.6014512181282043
partA_paper_flow_mdk_20260913_202615,0,98,0.5995846390724182
partA_paper_flow_mdk_20260913_202615,0,99,0.5986855626106262
partA_paper_flow_mdk_20260913_202615,0,100,0.599341094493866
partA_paper_flow_mdk_20260913_202615,0,101,0.5977604985237122
partA_paper_flow_mdk_20260913_202615,0,102,0.5971997976303101
partA_paper_flow_mdk_20260913_202615,0,103,0.5982882976531982
partA_paper_flow_mdk_20260913_202615,0,104,0.5974889397621155
partA_paper_flow_mdk_20260913_202615,0,105,0.5933893918991089
partA_paper_flow_mdk_20260913_202615,0,106,0.5995650887489319
partA_paper_flow_mdk_20260913_202615,0,107,0.5971021056175232
partA_paper_flow_mdk_20260913_202615,0,108,0.5941553711891174
partA_paper_flow_mdk_20260913_202615,0,109,0.5959165692329407
partA_paper_flow_mdk_20260913_202615,0,110,0.5994442105293274
partA_paper_flow_mdk_20260913_202615,0,111,0.5949827432632446
partA_paper_flow_mdk_20260913_202615,0,112,0.5967729687690735
partA_paper_flow_mdk_20260913_202615,1,1,0.4341316223144531
partA_paper_flow_mdk_20260913_202615,1,2,0.4461754858493805
partA_paper_flow_mdk_20260913_202615,1,3,0.43073999881744385
partA_paper_flow_mdk_20260913_202615,1,4,0.4284236431121826
partA_paper_flow_mdk_20260913_202615,1,5,0.42325732111930847
partA_paper_flow_mdk_20260913_202615,1,6,0.4288739562034607
partA_paper_flow_mdk_20260913_202615,1,7,0.4027984142303467
partA_paper_flow_mdk_20260913_202615,1,8,0.42203831672668457
partA_paper_flow_mdk_20260913_202615,1,9,0.4264124631881714
partA_paper_flow_mdk_20260913_202615,1,10,0.4257919192314148
partA_paper_flow_mdk_20260913_202615,1,11,0.4163321852684021
partA_paper_flow_mdk_20260913_202615,1,12,0.4011967182159424
partA_paper_flow_mdk_20260913_202615,1,13,0.40250691771507263
partA_paper_flow_mdk_20260913_202615,1,14,0.38319242000579834
partA_paper_flow_mdk_20260913_202615,1,15,0.38167306780815125
partA_paper_flow_mdk_20260913_202615,1,16,0.383267879486084
partA_paper_flow_mdk_20260913_202615,1,17,0.3985329568386078
partA_paper_flow_mdk_20260913_202615,1,18,0.40173226594924927
partA_paper_flow_mdk_20260913_202615,1,19,0.4010956883430481
partA_paper_flow_mdk_20260913_202615,1,20,0.38718995451927185
partA_paper_flow_mdk_20260913_202615,1,21,0.3891972005367279
partA_paper_flow_mdk_20260913_202615,1,22,0.3966781497001648
partA_paper_flow_mdk_20260913_202615,1,23,0.3969765603542328
partA_paper_flow_mdk_20260913_202615,1,24,0.4043300151824951
partA_paper_flow_mdk_20260913_202615,1,25,0.39324530959129333
partA_paper_flow_mdk_20260913_202615,1,26,0.3910296857357025
partA_paper_flow_mdk_20260913_202615,1,27,0.39852821826934814
partA_paper_flow_mdk_20260913_202615,1,28,0.4016210436820984
partA_paper_flow_mdk_20260913_202615,1,29,0.40996477007865906
partA_paper_flow_mdk_20260913_202615,1,30,0.39934664964675903
partA_paper_flow_mdk_20260913_202615,1,31,0.39433127641677856
partA_paper_flow_mdk_20260913_202615,1,32,0.3902953267097473
partA_paper_flow_mdk_20260913_202615,1,33,0.3922467827796936
partA_paper_flow_mdk_20260913_202615,1,34,0.397733211517334
partA_paper_flow_mdk_20260913_202615,1,35,0.4001905620098114
partA_paper_flow_mdk_20260913_202615,1,36,0.3993137776851654
partA_paper_flow_mdk_20260913_202615,1,37,0.382520467042923
partA_paper_flow_mdk_20260913_202615,1,38,0.39314839243888855
partA_paper_flow_mdk_20260913_202615,1,39,0.38233786821365356
partA_paper_flow_mdk_20260913_202615,1,40,0.3843841254711151
partA_paper_flow_mdk_20260913_202615,1,41,0.37576523423194885
partA_paper_flow_mdk_20260913_202615,1,42,0.3862799108028412
partA_paper_flow_mdk_20260913_202615,1,43,0.3831714987754822
partA_paper_flow_mdk_20260913_202615,1,44,0.38759657740592957
partA_paper_flow_mdk_20260913_202615,1,45,0.39279115200042725
partA_paper_flow_mdk_20260913_202615,1,46,0.38969749212265015
partA_paper_flow_mdk_20260913_202615,1,47,0.3937065303325653
partA_paper_flow_mdk_20260913_202615,1,48,0.3879903554916382
partA_paper_flow_mdk_20260913_202615,1,49,0.39004552364349365
partA_paper_flow_mdk_20260913_202615,1,50,0.3791702389717102
partA_paper_flow_mdk_20260913_202615,1,51,0.3850170969963074
partA_paper_flow_mdk_20260913_202615,1,52,0.39138534665107727
partA_paper_flow_mdk_20260913_202615,1,53,0.3942278325557709
partA_paper_flow_mdk_20260913_202615,1,54,0.3833168148994446
partA_paper_flow_mdk_20260913_202615,1,55,0.39473655819892883
partA_paper_flow_mdk_20260913_202615,1,56,0.3813861906528473
partA_paper_flow_mdk_20260913_202615,1,57,0.386730432510376
partA_paper_flow_mdk_20260913_202615,1,58,0.38742902874946594
partA_paper_flow_mdk_20260913_202615,1,59,0.38266512751579285
partA_paper_flow_mdk_20260913_202615,1,60,0.37760183215141296
partA_paper_flow_mdk_20260913_202615,1,61,0.37247994542121887
partA_paper_flow_mdk_20260913_202615,1,62,0.3706854581832886
partA_paper_flow_mdk_20260913_202615,1,63,0.3748534619808197
partA_paper_flow_mdk_20260913_202615,1,64,0.3775031864643097
partA_paper_flow_mdk_20260913_202615,1,65,0.37484800815582275
partA_paper_flow_mdk_20260913_202615,1,66,0.3698514401912689
partA_paper_flow_mdk_20260913_202615,1,67,0.37264344096183777
partA_paper_flow_mdk_20260913_202615,1,68,0.3764762282371521
partA_paper_flow_mdk_20260913_202615,1,69,0.36997032165527344
partA_paper_flow_mdk_20260913_202615,1,70,0.3642244040966034
partA_paper_flow_mdk_20260913_202615,1,71,0.3604365289211273
partA_paper_flow_mdk_20260913_202615,1,72,0.3615618944168091
partA_paper_flow_mdk_20260913_202615,1,73,0.3546598255634308
partA_paper_flow_mdk_20260913_202615,1,74,0.3569483757019043
partA_paper_flow_mdk_20260913_202615,1,75,0.35512658953666687
partA_paper_flow_mdk_20260913_202615,1,76,0.3568946421146393
partA_paper_flow_mdk_20260913_202615,1,77,0.3549538850784302
partA_paper_flow_mdk_20260913_202615,1,78,0.35742175579071045
partA_paper_flow_mdk_20260913_202615,1,79,0.35684898495674133
partA_paper_flow_mdk_20260913_202615,1,80,0.3547350764274597
partA_paper_flow_mdk_20260913_202615,1,81,0.35835203528404236
partA_paper_flow_mdk_20260913_202615,1,82,0.357582688331604
partA_paper_flow_mdk_20260913_202615,1,83,0.36216622591018677
partA_paper_flow_mdk_20260913_202615,1,84,0.360809326171875
partA_paper_flow_mdk_20260913_202615,1,85,0.35924607515335083
partA_paper_flow_mdk_20260913_202615,1,86,0.35510605573654175
partA_paper_flow_mdk_20260913_202615,1,87,0.3586497902870178
partA_paper_flow_mdk_20260913_202615,1,88,0.35357820987701416
partA_paper_flow_mdk_20260913_202615,1,89,0.35309934616088867
partA_paper_flow_mdk_20260913_202615,1,90,0.35296374559402466
partA_paper_flow_mdk_20260913_202615,1,91,0.3549420237541199
partA_paper_flow_mdk_20260913_202615,1,92,0.3549489676952362
partA_paper_flow_mdk_20260913_202615,1,93,0.3524650037288666
partA_paper_flow_mdk_20260913_202615,1,94,0.3530091345310211
partA_paper_flow_mdk_20260913_202615,1,95,0.35084253549575806
partA_paper_flow_mdk_20260913_202615,1,96,0.35302576422691345
partA_paper_flow_mdk_20260913_202615,1,97,0.34566888213157654
partA_paper_flow_mdk_20260913_202615,1,98,0.34698715806007385
partA_paper_flow_mdk_20260913_202615,1,99,0.3445909023284912
partA_paper_flow_mdk_20260913_202615,1,100,0.3506503999233246
partA_paper_flow_mdk_20260913_202615,1,101,0.34808358550071716
partA_paper_flow_mdk_20260913_202615,1,102,0.34728512167930603
partA_paper_flow_mdk_20260913_202615,1,103,0.34831687808036804
partA_paper_flow_mdk_20260913_202615,1,104,0.3447321057319641
partA_paper_flow_mdk_20260913_202615,1,105,0.3422844409942627
partA_paper_flow_mdk_20260913_202615,1,106,0.34299638867378235
partA_paper_flow_mdk_20260913_202615,1,107,0.3418620824813843
partA_paper_flow_mdk_20260913_202615,1,108,0.3434593081474304
partA_paper_flow_mdk_20260913_202615,1,109,0.3456614315509796
partA_paper_flow_mdk_20260913_202615,1,110,0.3388253152370453
partA_paper_flow_mdk_20260913_202615,1,111,0.33886462450027466
partA_paper_flow_mdk_20260913_202615,1,112,0.3414895832538605
partA_paper_flow_mdk_20260913_202615,2,1,0.41926485300064087
partA_paper_flow_mdk_20260913_202615,2,2,0.4547325074672699
partA_paper_flow_mdk_20260913_202615,2,3,0.42949140071868896
partA_paper_flow_mdk_20260913_202615,2,4,0.40089187026023865
partA_paper_flow_mdk_20260913_202615,2,5,0.4129135310649872
partA_paper_flow_mdk_20260913_202615,2,6,0.4065034091472626
partA_paper_flow_mdk_20260913_202615,2,7,0.3953249156475067
partA_paper_flow_mdk_20260913_202615,2,8,0.39844629168510437
partA_paper_flow_mdk_20260913_202615,2,9,0.39864906668663025
partA_paper_flow_mdk_20260913_202615,2,10,0.40465426445007324
partA_paper_flow_mdk_20260913_202615,2,11,0.38885030150413513
partA_paper_flow_mdk_20260913_202615,2,12,0.3767491579055786
partA_paper_flow_mdk_20260913_202615,2,13,0.36962732672691345
partA_paper_flow_mdk_20260913_202615,2,14,0.3678436577320099
partA_paper_flow_mdk_20260913_202615,2,15,0.3666844367980957
partA_paper_flow_mdk_20260913_202615,2,16,0.3536536693572998
partA_paper_flow_mdk_20260913_202615,2,17,0.35909968614578247
partA_paper_flow_mdk_20260913_202615,2,18,0.36207476258277893
partA_paper_flow_mdk_20260913_202615,2,19,0.34100446105003357
partA_paper_flow_mdk_20260913_202615,2,20,0.3395775854587555
partA_paper_flow_mdk_20260913_202615,2,21,0.3390418589115143
partA_paper_flow_mdk_20260913_202615,2,22,0.33463212847709656
partA_paper_flow_mdk_20260913_202615,2,23,0.3199962079524994
partA_paper_flow_mdk_20260913_202615,2,24,0.3155783712863922
partA_paper_flow_mdk_20260913_202615,2,25,0.3082762658596039
partA_paper_flow_mdk_20260913_202615,2,26,0.3084091544151306
partA_paper_flow_mdk_20260913_202615,2,27,0.306498259305954
partA_paper_flow_mdk_20260913_202615,2,28,0.29648929834365845
partA_paper_flow_mdk_20260913_202615,2,29,0.30514606833457947
partA_paper_flow_mdk_20260913_202615,2,30,0.29246625304222107
partA_paper_flow_mdk_20260913_202615,2,31,0.2944623827934265
partA_paper_flow_mdk_20260913_202615,2,32,0.28669753670692444
partA_paper_flow_mdk_20260913_202615,2,33,0.28032055497169495
partA_paper_flow_mdk_20260913_202615,2,34,0.280030220746994
partA_paper_flow_mdk_20260913_202615,2,35,0.2863597273826599
partA_paper_flow_mdk_20260913_202615,2,36,0.27664121985435486
partA_paper_flow_mdk_20260913_202615,2,37,0.27149996161460876
partA_paper_flow_mdk_20260913_202615,2,38,0.2715407907962799
partA_paper_flow_mdk_20260913_202615,2,39,0.2654828429222107
partA_paper_flow_mdk_20260913_202615,2,40,0.2688581347465515
partA_paper_flow_mdk_20260913_202615,2,41,0.2656058371067047
partA_paper_flow_mdk_20260913_202615,2,42,0.2658523917198181
partA_paper_flow_mdk_20260913_202615,2,43,0.2651735544204712
partA_paper_flow_mdk_20260913_202615,2,44,0.2657621502876282
partA_paper_flow_mdk_20260913_202615,2,45,0.2648313045501709
partA_paper_flow_mdk_20260913_202615,2,46,0.2666229009628296
partA_paper_flow_mdk_20260913_202615,2,47,0.2633265554904938
partA_paper_flow_mdk_20260913_202615,2,48,0.25869980454444885
partA_paper_flow_mdk_20260913_202615,2,49,0.25634345412254333
partA_paper_flow_mdk_20260913_202615,2,50,0.25565776228904724
partA_paper_flow_mdk_20260913_202615,2,51,0.25364258885383606
partA_paper_flow_mdk_20260913_202615,2,52,0.25839701294898987
partA_paper_flow_mdk_20260913_202615,2,53,0.25100916624069214
partA_paper_flow_mdk_20260913_202615,2,54,0.2535076439380646
partA_paper_flow_mdk_20260913_202615,2,55,0.25719979405403137
partA_paper_flow_mdk_20260913_202615,2,56,0.25117334723472595
partA_paper_flow_mdk_20260913_202615,2,57,0.2503397762775421
partA_paper_flow_mdk_20260913_202615,2,58,0.24598772823810577
partA_paper_flow_mdk_20260913_202615,2,59,0.24408353865146637
partA_paper_flow_mdk_20260913_202615,2,60,0.24331034719944
partA_paper_flow_mdk_20260913_202615,2,61,0.24433442950248718
partA_paper_flow_mdk_20260913_202615,2,62,0.24798932671546936
partA_paper_flow_mdk_20260913_202615,2,63,0.2450922578573227
partA_paper_flow_mdk_20260913_202615,2,64,0.24571257829666138
partA_paper_flow_mdk_20260913_202615,2,65,0.2473296821117401
partA_paper_flow_mdk_20260913_202615,2,66,0.24423536658287048
partA_paper_flow_mdk_20260913_202615,2,67,0.2496143877506256
partA_paper_flow_mdk_20260913_202615,2,68,0.24958471953868866
partA_paper_flow_mdk_20260913_202615,2,69,0.24847809970378876
partA_paper_flow_mdk_20260913_202615,2,70,0.24672812223434448
partA_paper_flow_mdk_20260913_202615,2,71,0.24072866141796112
partA_paper_flow_mdk_20260913_202615,2,72,0.2388702929019928
partA_paper_flow_mdk_20260913_202615,2,73,0.23746035993099213
partA_paper_flow_mdk_20260913_202615,2,74,0.23707976937294006
partA_paper_flow_mdk_20260913_202615,2,75,0.24036149680614471
partA_paper_flow_mdk_20260913_202615,2,76,0.24063757061958313
partA_paper_flow_mdk_20260913_202615,2,77,0.2340812236070633
partA_paper_flow_mdk_20260913_202615,2,78,0.2321043461561203
partA_paper_flow_mdk_20260913_202615,2,79,0.23547181487083435
partA_paper_flow_mdk_20260913_202615,2,80,0.23168542981147766
partA_paper_flow_mdk_20260913_202615,2,81,0.2339772880077362
partA_paper_flow_mdk_20260913_202615,2,82,0.23660056293010712
partA_paper_flow_mdk_20260913_202615,2,83,0.2388196885585785
partA_paper_flow_mdk_20260913_202615,2,84,0.23863832652568817
partA_paper_flow_mdk_20260913_202615,2,85,0.2366313338279724
partA_paper_flow_mdk_20260913_202615,2,86,0.2327454388141632
partA_paper_flow_mdk_20260913_202615,2,87,0.23058627545833588
partA_paper_flow_mdk_20260913_202615,2,88,0.2283267378807068
partA_paper_flow_mdk_20260913_202615,2,89,0.22770000994205475
partA_paper_flow_mdk_20260913_202615,2,90,0.22772042453289032
partA_paper_flow_mdk_20260913_202615,2,91,0.22792689502239227
partA_paper_flow_mdk_20260913_202615,2,92,0.2287103682756424
partA_paper_flow_mdk_20260913_202615,2,93,0.2286289781332016
partA_paper_flow_mdk_20260913_202615,2,94,0.2282419353723526
partA_paper_flow_mdk_20260913_202615,2,95,0.22682610154151917
partA_paper_flow_mdk_20260913_202615,2,96,0.22835570573806763
partA_paper_flow_mdk_20260913_202615,2,97,0.22664737701416016
partA_paper_flow_mdk_20260913_202615,2,98,0.22868794202804565
partA_paper_flow_mdk_20260913_202615,2,99,0.22836579382419586
partA_paper_flow_mdk_20260913_202615,2,100,0.22802896797657013
partA_paper_flow_mdk_20260913_202615,2,101,0.22594229876995087
partA_paper_flow_mdk_20260913_202615,2,102,0.22933727502822876
partA_paper_flow_mdk_20260913_202615,2,103,0.2272767424583435
partA_paper_flow_mdk_20260913_202615,2,104,0.2280048429965973
partA_paper_flow_mdk_20260913_202615,2,105,0.22628696262836456
partA_paper_flow_mdk_20260913_202615,2,106,0.22609926760196686
partA_paper_flow_mdk_20260913_202615,2,107,0.22750115394592285
partA_paper_flow_mdk_20260913_202615,2,108,0.22611874341964722
partA_paper_flow_mdk_20260913_202615,2,109,0.22770337760448456
partA_paper_flow_mdk_20260913_202615,2,110,0.22533833980560303
partA_paper_flow_mdk_20260913_202615,2,111,0.22670115530490875
partA_paper_flow_mdk_20260913_202615,2,112,0.2265794575214386
partA_paper_flow_mdk_20260913_202615,3,1,0.40717121958732605
partA_paper_flow_mdk_20260913_202615,3,2,0.4041643738746643
partA_paper_flow_mdk_20260913_202615,3,3,0.37370890378952026
partA_paper_flow_mdk_20260913_202615,3,4,0.35871797800064087
partA_paper_flow_mdk_20260913_202615,3,5,0.352270245552063
partA_paper_flow_mdk_20260913_202615,3,6,0.3498690128326416
partA_paper_flow_mdk_20260913_202615,3,7,0.3411960303783417
partA_paper_flow_mdk_20260913_202615,3,8,0.34166520833969116
partA_paper_flow_mdk_20260913_202615,3,9,0.3305688500404358
partA_paper_flow_mdk_20260913_202615,3,10,0.3398740887641907
partA_paper_flow_mdk_20260913_202615,3,11,0.3255023658275604
partA_paper_flow_mdk_20260913_202615,3,12,0.3293484151363373
partA_paper_flow_mdk_20260913_202615,3,13,0.3157927393913269
partA_paper_flow_mdk_20260913_202615,3,14,0.31821301579475403
partA_paper_flow_mdk_20260913_202615,3,15,0.31235721707344055
partA_paper_flow_mdk_20260913_202615,3,16,0.319744735956192
partA_paper_flow_mdk_20260913_202615,3,17,0.3154635727405548
partA_paper_flow_mdk_20260913_202615,3,18,0.29685714840888977
partA_paper_flow_mdk_20260913_202615,3,19,0.3005615472793579
partA_paper_flow_mdk_20260913_202615,3,20,0.28706732392311096
partA_paper_flow_mdk_20260913_202615,3,21,0.2999759912490845
partA_paper_flow_mdk_20260913_202615,3,22,0.29662561416625977
partA_paper_flow_mdk_20260913_202615,3,23,0.29692158102989197
partA_paper_flow_mdk_20260913_202615,3,24,0.2916918992996216
partA_paper_flow_mdk_20260913_202615,3,25,0.2896277606487274
partA_paper_flow_mdk_20260913_202615,3,26,0.28037789463996887
partA_paper_flow_mdk_20260913_202615,3,27,0.2739444077014923
partA_paper_flow_mdk_20260913_202615,3,28,0.2706032693386078
partA_paper_flow_mdk_20260913_202615,3,29,0.2694554924964905
partA_paper_flow_mdk_20260913_202615,3,30,0.2671225965023041
partA_paper_flow_mdk_20260913_202615,3,31,0.26834753155708313
partA_paper_flow_mdk_20260913_202615,3,32,0.2729361355304718
partA_paper_flow_mdk_20260913_202615,3,33,0.272241473197937
partA_paper_flow_mdk_20260913_202615,3,34,0.27623772621154785
partA_paper_flow_mdk_20260913_202615,3,35,0.2707553505897522
partA_paper_flow_mdk_20260913_202615,3,36,0.27714797854423523
partA_paper_flow_mdk_20260913_202615,3,37,0.2671457827091217
partA_paper_flow_mdk_20260913_202615,3,38,0.2678694725036621
partA_paper_flow_mdk_20260913_202615,3,39,0.2693736255168915
partA_paper_flow_mdk_20260913_202615,3,40,0.2685045897960663
partA_paper_flow_mdk_20260913_202615,3,41,0.2642216980457306
partA_paper_flow_mdk_20260913_202615,3,42,0.26822972297668457
partA_paper_flow_mdk_20260913_202615,3,43,0.26550838351249695
partA_paper_flow_mdk_20260913_202615,3,44,0.26909708976745605
partA_paper_flow_mdk_20260913_202615,3,45,0.26721206307411194
partA_paper_flow_mdk_20260913_202615,3,46,0.2627406716346741
partA_paper_flow_mdk_20260913_202615,3,47,0.2587822675704956
partA_paper_flow_mdk_20260913_202615,3,48,0.26294076442718506
partA_paper_flow_mdk_20260913_202615,3,49,0.25910484790802
partA_paper_flow_mdk_20260913_202615,3,50,0.26361191272735596
partA_paper_flow_mdk_20260913_202615,3,51,0.2611396908760071
partA_paper_flow_mdk_20260913_202615,3,52,0.2642395794391632
partA_paper_flow_mdk_20260913_202615,3,53,0.2580549716949463
partA_paper_flow_mdk_20260913_202615,3,54,0.26304978132247925
partA_paper_flow_mdk_20260913_202615,3,55,0.2674189805984497
partA_paper_flow_mdk_20260913_202615,3,56,0.2592799663543701
partA_paper_flow_mdk_20260913_202615,3,57,0.2642183303833008
partA_paper_flow_mdk_20260913_202615,3,58,0.2627504765987396
partA_paper_flow_mdk_20260913_202615,3,59,0.26613786816596985
partA_paper_flow_mdk_20260913_202615,3,60,0.26343029737472534
partA_paper_flow_mdk_20260913_202615,3,61,0.2652146816253662
partA_paper_flow_mdk_20260913_202615,3,62,0.26732131838798523
partA_paper_flow_mdk_20260913_202615,3,63,0.2669213116168976
partA_paper_flow_mdk_20260913_202615,3,64,0.2660682797431946
partA_paper_flow_mdk_20260913_202615,3,65,0.2647625803947449
partA_paper_flow_mdk_20260913_202615,3,66,0.2620398700237274
partA_paper_flow_mdk_20260913_202615,3,67,0.26106882095336914
partA_paper_flow_mdk_20260913_202615,3,68,0.26695188879966736
partA_paper_flow_mdk_20260913_202615,3,69,0.26671159267425537
partA_paper_flow_mdk_20260913_202615,3,70,0.2621026039123535
partA_paper_flow_mdk_20260913_202615,3,71,0.25943806767463684
partA_paper_flow_mdk_20260913_202615,3,72,0.25672444701194763
partA_paper_flow_mdk_20260913_202615,3,73,0.25566914677619934
partA_paper_flow_mdk_20260913_202615,3,74,0.2591422498226166
partA_paper_flow_mdk_20260913_202615,3,75,0.26011914014816284
partA_paper_flow_mdk_20260913_202615,3,76,0.2634420692920685
partA_paper_flow_mdk_20260913_202615,3,77,0.26412636041641235
partA_paper_flow_mdk_20260913_202615,3,78,0.26206809282302856
partA_paper_flow_mdk_20260913_202615,3,79,0.26215818524360657
partA_paper_flow_mdk_20260913_202615,3,80,0.256960391998291
partA_paper_flow_mdk_20260913_202615,3,81,0.25710171461105347
partA_paper_flow_mdk_20260913_202615,3,82,0.2582351863384247
partA_paper_flow_mdk_20260913_202615,3,83,0.2560698688030243
partA_paper_flow_mdk_20260913_202615,3,84,0.25901615619659424
partA_paper_flow_mdk_20260913_202615,3,85,0.2553495168685913
partA_paper_flow_mdk_20260913_202615,3,86,0.25256186723709106
partA_paper_flow_mdk_20260913_202615,3,87,0.25342345237731934
partA_paper_flow_mdk_20260913_202615,3,88,0.24963326752185822
partA_paper_flow_mdk_20260913_202615,3,89,0.24616190791130066
partA_paper_flow_mdk_20260913_202615,3,90,0.2449396699666977
partA_paper_flow_mdk_20260913_202615,3,91,0.24787652492523193
partA_paper_flow_mdk_20260913_202615,3,92,0.24593761563301086
partA_paper_flow_mdk_20260913_202615,3,93,0.24543853104114532
partA_paper_flow_mdk_20260913_202615,3,94,0.24522989988327026
partA_paper_flow_mdk_20260913_202615,3,95,0.2443292886018753
partA_paper_flow_mdk_20260913_202615,3,96,0.24388174712657928
partA_paper_flow_mdk_20260913_202615,3,97,0.24213504791259766
partA_paper_flow_mdk_20260913_202615,3,98,0.23901566863059998
partA_paper_flow_mdk_20260913_202615,3,99,0.2427840679883957
partA_paper_flow_mdk_20260913_202615,3,100,0.24402758479118347
partA_paper_flow_mdk_20260913_202615,3,101,0.24307391047477722
partA_paper_flow_mdk_20260913_202615,3,102,0.24505563080310822
partA_paper_flow_mdk_20260913_202615,3,103,0.24344372749328613
partA_paper_flow_mdk_20260913_202615,3,104,0.2429930716753006
partA_paper_flow_mdk_20260913_202615,3,105,0.24400532245635986
partA_paper_flow_mdk_20260913_202615,3,106,0.24258211255073547
partA_paper_flow_mdk_20260913_202615,3,107,0.24217374622821808
partA_paper_flow_mdk_20260913_202615,3,108,0.24372868239879608
partA_paper_flow_mdk_20260913_202615,3,109,0.24275027215480804
partA_paper_flow_mdk_20260913_202615,3,110,0.24213050305843353
partA_paper_flow_mdk_20260913_202615,3,111,0.2465362548828125
partA_paper_flow_mdk_20260913_202615,3,112,0.24599823355674744
partA_paper_flow_mdk_20260913_202615,4,1,0.3641274571418762
partA_paper_flow_mdk_20260913_202615,4,2,0.3838072419166565
partA_paper_flow_mdk_20260913_202615,4,3,0.36626896262168884
partA_paper_flow_mdk_20260913_202615,4,4,0.3662177622318268
partA_paper_flow_mdk_20260913_202615,4,5,0.36317387223243713
partA_paper_flow_mdk_20260913_202615,4,6,0.3376811146736145
partA_paper_flow_mdk_20260913_202615,4,7,0.321005254983902
partA_paper_flow_mdk_20260913_202615,4,8,0.29537874460220337
partA_paper_flow_mdk_20260913_202615,4,9,0.2777368426322937
partA_paper_flow_mdk_20260913_202615,4,10,0.27832555770874023
partA_paper_flow_mdk_20260913_202615,4,11,0.27481040358543396
partA_paper_flow_mdk_20260913_202615,4,12,0.2677685618400574
partA_paper_flow_mdk_20260913_202615,4,13,0.2649235725402832
partA_paper_flow_mdk_20260913_202615,4,14,0.25254520773887634
partA_paper_flow_mdk_20260913_202615,4,15,0.23527048528194427
partA_paper_flow_mdk_20260913_202615,4,16,0.24095048010349274
partA_paper_flow_mdk_20260913_202615,4,17,0.22823768854141235
partA_paper_flow_mdk_20260913_202615,4,18,0.21769753098487854
partA_paper_flow_mdk_20260913_202615,4,19,0.207052543759346
partA_paper_flow_mdk_20260913_202615,4,20,0.20187853276729584
partA_paper_flow_mdk_20260913_202615,4,21,0.19774994254112244
partA_paper_flow_mdk_20260913_202615,4,22,0.20379696786403656
partA_paper_flow_mdk_20260913_202615,4,23,0.19233238697052002
partA_paper_flow_mdk_20260913_202615,4,24,0.18520763516426086
partA_paper_flow_mdk_20260913_202615,4,25,0.17906898260116577
partA_paper_flow_mdk_20260913_202615,4,26,0.172476664185524
partA_paper_flow_mdk_20260913_202615,4,27,0.17047296464443207
partA_paper_flow_mdk_20260913_202615,4,28,0.17578361928462982
partA_paper_flow_mdk_20260913_202615,4,29,0.17370466887950897
partA_paper_flow_mdk_20260913_202615,4,30,0.17242039740085602
partA_paper_flow_mdk_20260913_202615,4,31,0.1716105192899704
partA_paper_flow_mdk_20260913_202615,4,32,0.16822420060634613
partA_paper_flow_mdk_20260913_202615,4,33,0.16126210987567902
partA_paper_flow_mdk_20260913_202615,4,34,0.16271764039993286
partA_paper_flow_mdk_20260913_202615,4,35,0.152650386095047
partA_paper_flow_mdk_20260913_202615,4,36,0.15681156516075134
partA_paper_flow_mdk_20260913_202615,4,37,0.15767043828964233
partA_paper_flow_mdk_20260913_202615,4,38,0.15197619795799255
partA_paper_flow_mdk_20260913_202615,4,39,0.15217575430870056
partA_paper_flow_mdk_20260913_202615,4,40,0.15134036540985107
partA_paper_flow_mdk_20260913_202615,4,41,0.15029054880142212
partA_paper_flow_mdk_20260913_202615,4,42,0.1478324681520462
partA_paper_flow_mdk_20260913_202615,4,43,0.1457972377538681
partA_paper_flow_mdk_20260913_202615,4,44,0.14335204660892487
partA_paper_flow_mdk_20260913_202615,4,45,0.1425372064113617
partA_paper_flow_mdk_20260913_202615,4,46,0.13906224071979523
partA_paper_flow_mdk_20260913_202615,4,47,0.1395750492811203
partA_paper_flow_mdk_20260913_202615,4,48,0.14431732892990112
partA_paper_flow_mdk_20260913_202615,4,49,0.14220818877220154
partA_paper_flow_mdk_20260913_202615,4,50,0.1419311761856079
partA_paper_flow_mdk_20260913_202615,4,51,0.14325058460235596
partA_paper_flow_mdk_20260913_202615,4,52,0.13976560533046722
partA_paper_flow_mdk_20260913_202615,4,53,0.1327933371067047
partA_paper_flow_mdk_20260913_202615,4,54,0.13504771888256073
partA_paper_flow_mdk_20260913_202615,4,55,0.13656656444072723
partA_paper_flow_mdk_20260913_202615,4,56,0.13477765023708344
partA_paper_flow_mdk_20260913_202615,4,57,0.136170893907547
partA_paper_flow_mdk_20260913_202615,4,58,0.13705593347549438
partA_paper_flow_mdk_20260913_202615,4,59,0.13575676083564758
partA_paper_flow_mdk_20260913_202615,4,60,0.13885092735290527
partA_paper_flow_mdk_20260913_202615,4,61,0.1379648894071579
partA_paper_flow_mdk_20260913_202615,4,62,0.13883928954601288
partA_paper_flow_mdk_20260913_202615,4,63,0.13566258549690247
partA_paper_flow_mdk_20260913_202615,4,64,0.13334493339061737
partA_paper_flow_mdk_20260913_202615,4,65,0.13206326961517334
partA_paper_flow_mdk_20260913_202615,4,66,0.13312162458896637
partA_paper_flow_mdk_20260913_202615,4,67,0.13169606029987335
partA_paper_flow_mdk_20260913_202615,4,68,0.13364894688129425
partA_paper_flow_mdk_20260913_202615,4,69,0.13233435153961182
partA_paper_flow_mdk_20260913_202615,4,70,0.13080237805843353
partA_paper_flow_mdk_20260913_202615,4,71,0.13033080101013184
partA_paper_flow_mdk_20260913_202615,4,72,0.12969668209552765
partA_paper_flow_mdk_20260913_202615,4,73,0.12910237908363342
partA_paper_flow_mdk_20260913_202615,4,74,0.12955449521541595
partA_paper_flow_mdk_20260913_202615,4,75,0.12635605037212372
partA_paper_flow_mdk_20260913_202615,4,76,0.128849595785141
partA_paper_flow_mdk_20260913_202615,4,77,0.1290491670370102
partA_paper_flow_mdk_20260913_202615,4,78,0.1309875100851059
partA_paper_flow_mdk_20260913_202615,4,79,0.1260538399219513
partA_paper_flow_mdk_20260913_202615,4,80,0.12474586069583893
partA_paper_flow_mdk_20260913_202615,4,81,0.12372808158397675
partA_paper_flow_mdk_20260913_202615,4,82,0.12378159165382385
partA_paper_flow_mdk_20260913_202615,4,83,0.12451192736625671
partA_paper_flow_mdk_20260913_202615,4,84,0.121421679854393
partA_paper_flow_mdk_20260913_202615,4,85,0.12199066579341888
partA_paper_flow_mdk_20260913_202615,4,86,0.12284503877162933
partA_paper_flow_mdk_20260913_202615,4,87,0.12350484728813171
partA_paper_flow_mdk_20260913_202615,4,88,0.12214189767837524
partA_paper_flow_mdk_20260913_202615,4,89,0.12103618681430817
partA_paper_flow_mdk_20260913_202615,4,90,0.11995100975036621
partA_paper_flow_mdk_20260913_202615,4,91,0.11907437443733215
partA_paper_flow_mdk_20260913_202615,4,92,0.11871238052845001
partA_paper_flow_mdk_20260913_202615,4,93,0.1183643490076065
partA_paper_flow_mdk_20260913_202615,4,94,0.1192537248134613
partA_paper_flow_mdk_20260913_202615,4,95,0.1189468652009964
partA_paper_flow_mdk_20260913_202615,4,96,0.12001271545886993
partA_paper_flow_mdk_20260913_202615,4,97,0.11975365877151489
partA_paper_flow_mdk_20260913_202615,4,98,0.11963909864425659
partA_paper_flow_mdk_20260913_202615,4,99,0.12152814865112305
partA_paper_flow_mdk_20260913_202615,4,100,0.12179647386074066
partA_paper_flow_mdk_20260913_202615,4,101,0.12045936286449432
partA_paper_flow_mdk_20260913_202615,4,102,0.11927172541618347
partA_paper_flow_mdk_20260913_202615,4,103,0.11949653923511505
partA_paper_flow_mdk_20260913_202615,4,104,0.12003326416015625
partA_paper_flow_mdk_20260913_202615,4,105,0.12131114304065704
partA_paper_flow_mdk_20260913_202615,4,106,0.1205076277256012
partA_paper_flow_mdk_20260913_202615,4,107,0.11927869915962219
partA_paper_flow_mdk_20260913_202615,4,108,0.11950971186161041
partA_paper_flow_mdk_20260913_202615,4,109,0.11917059123516083
partA_paper_flow_mdk_20260913_202615,4,110,0.12004394829273224
partA_paper_flow_mdk_20260913_202615,4,111,0.1211574375629425
partA_paper_flow_mdk_20260913_202615,4,112,0.12212365865707397
partA_paper_flow_mdk_20260913_202615,5,1,0.3465927243232727
partA_paper_flow_mdk_20260913_202615,5,2,0.3708823621273041
partA_paper_flow_mdk_20260913_202615,5,3,0.3585071861743927
partA_paper_flow_mdk_20260913_202615,5,4,0.354535847902298
partA_paper_flow_mdk_20260913_202615,5,5,0.3530615270137787
partA_paper_flow_mdk_20260913_202615,5,6,0.335454523563385
partA_paper_flow_mdk_20260913_202615,5,7,0.317228764295578
partA_paper_flow_mdk_20260913_202615,5,8,0.31147700548171997
partA_paper_flow_mdk_20260913_202615,5,9,0.2962000370025635
partA_paper_flow_mdk_20260913_202615,5,10,0.2710951864719391
partA_paper_flow_mdk_20260913_202615,5,11,0.26488563418388367
partA_paper_flow_mdk_20260913_202615,5,12,0.24792471528053284
partA_paper_flow_mdk_20260913_202615,5,13,0.24004603922367096
partA_paper_flow_mdk_20260913_202615,5,14,0.23299247026443481
partA_paper_flow_mdk_20260913_202615,5,15,0.21572090685367584
partA_paper_flow_mdk_20260913_202615,5,16,0.21306556463241577
partA_paper_flow_mdk_20260913_202615,5,17,0.19233179092407227
partA_paper_flow_mdk_20260913_202615,5,18,0.17856015264987946
partA_paper_flow_mdk_20260913_202615,5,19,0.1640607714653015
partA_paper_flow_mdk_20260913_202615,5,20,0.16028949618339539
partA_paper_flow_mdk_20260913_202615,5,21,0.15784858167171478
partA_paper_flow_mdk_20260913_202615,5,22,0.15267612040042877
partA_paper_flow_mdk_20260913_202615,5,23,0.143063485622406
partA_paper_flow_mdk_20260913_202615,5,24,0.133281871676445
partA_paper_flow_mdk_20260913_202615,5,25,0.12793079018592834
partA_paper_flow_mdk_20260913_202615,5,26,0.1192791759967804
partA_paper_flow_mdk_20260913_202615,5,27,0.11515648663043976
partA_paper_flow_mdk_20260913_202615,5,28,0.11222563683986664
partA_paper_flow_mdk_20260913_202615,5,29,0.10907641053199768
partA_paper_flow_mdk_20260913_202615,5,30,0.1053641140460968
partA_paper_flow_mdk_20260913_202615,5,31,0.10176356136798859
partA_paper_flow_mdk_20260913_202615,5,32,0.09772765636444092
partA_paper_flow_mdk_20260913_202615,5,33,0.09369570016860962
partA_paper_flow_mdk_20260913_202615,5,34,0.09178544580936432
partA_paper_flow_mdk_20260913_202615,5,35,0.08557300269603729
partA_paper_flow_mdk_20260913_202615,5,36,0.08493897318840027
partA_paper_flow_mdk_20260913_202615,5,37,0.0833134800195694
partA_paper_flow_mdk_20260913_202615,5,38,0.0827716588973999
partA_paper_flow_mdk_20260913_202615,5,39,0.08114150911569595
partA_paper_flow_mdk_20260913_202615,5,40,0.07991291582584381
partA_paper_flow_mdk_20260913_202615,5,41,0.07846023887395859
partA_paper_flow_mdk_20260913_202615,5,42,0.07596266269683838
partA_paper_flow_mdk_20260913_202615,5,43,0.07624547183513641
partA_paper_flow_mdk_20260913_202615,5,44,0.07405000925064087
partA_paper_flow_mdk_20260913_202615,5,45,0.07255774736404419
partA_paper_flow_mdk_20260913_202615,5,46,0.06995205581188202
partA_paper_flow_mdk_20260913_202615,5,47,0.06893317401409149
partA_paper_flow_mdk_20260913_202615,5,48,0.06939321756362915
partA_paper_flow_mdk_20260913_202615,5,49,0.06867362558841705
partA_paper_flow_mdk_20260913_202615,5,50,0.06666919589042664
partA_paper_flow_mdk_20260913_202615,5,51,0.06647884845733643
partA_paper_flow_mdk_20260913_202615,5,52,0.06481416523456573
partA_paper_flow_mdk_20260913_202615,5,53,0.062205299735069275
partA_paper_flow_mdk_20260913_202615,5,54,0.061980366706848145
partA_paper_flow_mdk_20260913_202615,5,55,0.05981115624308586
partA_paper_flow_mdk_20260913_202615,5,56,0.059153370559215546
partA_paper_flow_mdk_20260913_202615,5,57,0.05853428319096565
partA_paper_flow_mdk_20260913_202615,5,58,0.05860566720366478
partA_paper_flow_mdk_20260913_202615,5,59,0.05748820677399635
partA_paper_flow_mdk_20260913_202615,5,60,0.057859618216753006
partA_paper_flow_mdk_20260913_202615,5,61,0.05693209543824196
partA_paper_flow_mdk_20260913_202615,5,62,0.05733882635831833
partA_paper_flow_mdk_20260913_202615,5,63,0.05623108893632889
partA_paper_flow_mdk_20260913_202615,5,64,0.05547742173075676
partA_paper_flow_mdk_20260913_202615,5,65,0.05554799735546112
partA_paper_flow_mdk_20260913_202615,5,66,0.055601634085178375
partA_paper_flow_mdk_20260913_202615,5,67,0.05550350993871689
partA_paper_flow_mdk_20260913_202615,5,68,0.05574725940823555
partA_paper_flow_mdk_20260913_202615,5,69,0.05547457933425903
partA_paper_flow_mdk_20260913_202615,5,70,0.05513801425695419
partA_paper_flow_mdk_20260913_202615,5,71,0.05418480932712555
partA_paper_flow_mdk_20260913_202615,5,72,0.05401160567998886
partA_paper_flow_mdk_20260913_202615,5,73,0.053644873201847076
partA_paper_flow_mdk_20260913_202615,5,74,0.05345535650849342
partA_paper_flow_mdk_20260913_202615,5,75,0.05344812572002411
partA_paper_flow_mdk_20260913_202615,5,76,0.053345706313848495
partA_paper_flow_mdk_20260913_202615,5,77,0.052632007747888565
partA_paper_flow_mdk_20260913_202615,5,78,0.052734021097421646
partA_paper_flow_mdk_20260913_202615,5,79,0.052620843052864075
partA_paper_flow_mdk_20260913_202615,5,80,0.0524454340338707
partA_paper_flow_mdk_20260913_202615,5,81,0.05254124477505684
partA_paper_flow_mdk_20260913_202615,5,82,0.05238889902830124
partA_paper_flow_mdk_20260913_202615,5,83,0.052785031497478485
partA_paper_flow_mdk_20260913_202615,5,84,0.05229555815458298
partA_paper_flow_mdk_20260913_202615,5,85,0.052773617208004
partA_paper_flow_mdk_20260913_202615,5,86,0.053546272218227386
partA_paper_flow_mdk_20260913_202615,5,87,0.054032232612371445
partA_paper_flow_mdk_20260913_202615,5,88,0.05342896282672882
partA_paper_flow_mdk_20260913_202615,5,89,0.053072091192007065
partA_paper_flow_mdk_20260913_202615,5,90,0.052825748920440674
partA_paper_flow_mdk_20260913_202615,5,91,0.0525866374373436
partA_paper_flow_mdk_20260913_202615,5,92,0.05278369411826134
partA_paper_flow_mdk_20260913_202615,5,93,0.05261983722448349
partA_paper_flow_mdk_20260913_202615,5,94,0.052413489669561386
partA_paper_flow_mdk_20260913_202615,5,95,0.05201501026749611
partA_paper_flow_mdk_20260913_202615,5,96,0.05249970406293869
partA_paper_flow_mdk_20260913_202615,5,97,0.0525386743247509
partA_paper_flow_mdk_20260913_202615,5,98,0.05237758904695511
partA_paper_flow_mdk_20260913_202615,5,99,0.0526275709271431
partA_paper_flow_mdk_20260913_202615,5,100,0.05245545506477356
partA_paper_flow_mdk_20260913_202615,5,101,0.05238707736134529
partA_paper_flow_mdk_20260913_202615,5,102,0.05242348089814186
partA_paper_flow_mdk_20260913_202615,5,103,0.05219109728932381
partA_paper_flow_mdk_20260913_202615,5,104,0.05205339938402176
partA_paper_flow_mdk_20260913_202615,5,105,0.051726073026657104
partA_paper_flow_mdk_20260913_202615,5,106,0.05172489210963249
partA_paper_flow_mdk_20260913_202615,5,107,0.05118795484304428
partA_paper_flow_mdk_20260913_202615,5,108,0.05136504024267197
partA_paper_flow_mdk_20260913_202615,5,109,0.05141846835613251
partA_paper_flow_mdk_20260913_202615,5,110,0.05171995237469673
partA_paper_flow_mdk_20260913_202615,5,111,0.051725585013628006
partA_paper_flow_mdk_20260913_202615,5,112,0.05206087604165077
L3_B1_paper_flow_mdk_20260913_202721,0,1,0.18526498973369598
L3_B1_paper_flow_mdk_20260913_202721,0,2,0.1351049840450287
L3_B1_paper_flow_mdk_20260913_202721,0,3,0.10749587416648865
L3_B1_paper_flow_mdk_20260913_202721,0,4,0.10331472754478455
L3_B1_paper_flow_mdk_20260913_202721,0,5,0.08867150545120239
L3_B1_paper_flow_mdk_20260913_202721,0,6,0.08799421787261963
L3_B1_paper_flow_mdk_20260913_202721,0,7,0.08522631227970123
L3_B1_paper_flow_mdk_20260913_202721,0,8,0.09097830951213837
L3_B1_paper_flow_mdk_20260913_202721,0,9,0.07511354237794876
L3_B1_paper_flow_mdk_20260913_202721,0,10,0.07953107357025146
L3_B1_paper_flow_mdk_20260913_202721,0,11,0.08160103857517242
L3_B1_paper_flow_mdk_20260913_202721,0,12,0.08168134838342667
L3_B1_paper_flow_mdk_20260913_202721,0,13,0.07836219668388367
L3_B1_paper_flow_mdk_20260913_202721,0,14,0.07397592067718506
L3_B1_paper_flow_mdk_20260913_202721,0,15,0.07407823204994202
L3_B1_paper_flow_mdk_20260913_202721,0,16,0.0719185471534729
L3_B1_paper_flow_mdk_20260913_202721,0,17,0.06539404392242432
L3_B1_paper_flow_mdk_20260913_202721,0,18,0.06171286478638649
L3_B1_paper_flow_mdk_20260913_202721,0,19,0.06003447249531746
L3_B1_paper_flow_mdk_20260913_202721,0,20,0.05357859283685684
L3_B1_paper_flow_mdk_20260913_202721,0,21,0.05204099044203758
L3_B1_paper_flow_mdk_20260913_202721,0,22,0.050428152084350586
L3_B1_paper_flow_mdk_20260913_202721,0,23,0.0481572188436985
L3_B1_paper_flow_mdk_20260913_202721,0,24,0.04377125948667526
L3_B1_paper_flow_mdk_20260913_202721,0,25,0.042855240404605865
L3_B1_paper_flow_mdk_20260913_202721,0,26,0.04134445637464523
L3_B1_paper_flow_mdk_20260913_202721,0,27,0.03993897885084152
L3_B1_paper_flow_mdk_20260913_202721,0,28,0.03783998638391495
L3_B1_paper_flow_mdk_20260913_202721,0,29,0.0352596789598465
L3_B1_paper_flow_mdk_20260913_202721,0,30,0.03662705048918724
L3_B1_paper_flow_mdk_20260913_202721,0,31,0.03725322335958481
L3_B1_paper_flow_mdk_20260913_202721,0,32,0.03593331202864647
L3_B1_paper_flow_mdk_20260913_202721,0,33,0.03482230752706528
L3_B1_paper_flow_mdk_20260913_202721,0,34,0.03605293482542038
L3_B1_paper_flow_mdk_20260913_202721,0,35,0.03870707005262375
L3_B1_paper_flow_mdk_20260913_202721,0,36,0.037937283515930176
L3_B1_paper_flow_mdk_20260913_202721,0,37,0.036032602190971375
L3_B1_paper_flow_mdk_20260913_202721,0,38,0.03966657817363739
L3_B1_paper_flow_mdk_20260913_202721,0,39,0.04179546609520912
L3_B1_paper_flow_mdk_20260913_202721,0,40,0.04255294054746628
L3_B1_paper_flow_mdk_20260913_202721,0,41,0.04096797853708267
L3_B1_paper_flow_mdk_20260913_202721,0,42,0.038184572011232376
L3_B1_paper_flow_mdk_20260913_202721,0,43,0.0381387360394001
L3_B1_paper_flow_mdk_20260913_202721,0,44,0.03759858012199402
L3_B1_paper_flow_mdk_20260913_202721,0,45,0.03968918323516846
L3_B1_paper_flow_mdk_20260913_202721,0,46,0.038168735802173615
L3_B1_paper_flow_mdk_20260913_202721,0,47,0.03586892783641815
L3_B1_paper_flow_mdk_20260913_202721,0,48,0.03367236256599426
L3_B1_paper_flow_mdk_20260913_202721,0,49,0.032755907624959946
L3_B1_paper_flow_mdk_20260913_202721,0,50,0.03289632499217987
L3_B1_paper_flow_mdk_20260913_202721,0,51,0.03200342878699303
L3_B1_paper_flow_mdk_20260913_202721,0,52,0.03205353394150734
L3_B1_paper_flow_mdk_20260913_202721,0,53,0.03246503323316574
L3_B1_paper_flow_mdk_20260913_202721,0,54,0.03319406136870384
L3_B1_paper_flow_mdk_20260913_202721,0,55,0.03284529596567154
L3_B1_paper_flow_mdk_20260913_202721,0,56,0.033968862146139145
L3_B1_paper_flow_mdk_20260913_202721,0,57,0.03294771909713745
L3_B1_paper_flow_mdk_20260913_202721,0,58,0.03185227885842323
L3_B1_paper_flow_mdk_20260913_202721,0,59,0.031200900673866272
L3_B1_paper_flow_mdk_20260913_202721,0,60,0.031636498868465424
L3_B1_paper_flow_mdk_20260913_202721,0,61,0.0321972593665123
L3_B1_paper_flow_mdk_20260913_202721,0,62,0.03159245476126671
L3_B1_paper_flow_mdk_20260913_202721,0,63,0.03267914801836014
L3_B1_paper_flow_mdk_20260913_202721,0,64,0.03148466721177101
L3_B1_paper_flow_mdk_20260913_202721,0,65,0.031166190281510353
L3_B1_paper_flow_mdk_20260913_202721,0,66,0.0300246924161911
L3_B1_paper_flow_mdk_20260913_202721,0,67,0.028813334181904793
L3_B1_paper_flow_mdk_20260913_202721,0,68,0.029280848801136017
L3_B1_paper_flow_mdk_20260913_202721,0,69,0.030089713633060455
L3_B1_paper_flow_mdk_20260913_202721,0,70,0.02989707887172699
L3_B1_paper_flow_mdk_20260913_202721,0,71,0.02973339334130287
L3_B1_paper_flow_mdk_20260913_202721,0,72,0.030361268669366837
L3_B1_paper_flow_mdk_20260913_202721,0,73,0.029583608731627464
L3_B1_paper_flow_mdk_20260913_202721,0,74,0.029752634465694427
L3_B1_paper_flow_mdk_20260913_202721,0,75,0.029198886826634407
L3_B1_paper_flow_mdk_20260913_202721,0,76,0.028724104166030884
L3_B1_paper_flow_mdk_20260913_202721,0,77,0.02815529890358448
L3_B1_paper_flow_mdk_20260913_202721,0,78,0.028314052149653435
L3_B1_paper_flow_mdk_20260913_202721,0,79,0.02861543372273445
L3_B1_paper_flow_mdk_20260913_202721,0,80,0.028935015201568604
L3_B1_paper_flow_mdk_20260913_202721,0,81,0.028598090633749962
L3_B1_paper_flow_mdk_20260913_202721,0,82,0.02820195071399212
L3_B1_paper_flow_mdk_20260913_202721,0,83,0.02852172777056694
L3_B1_paper_flow_mdk_20260913_202721,0,84,0.028600672259926796
L3_B1_paper_flow_mdk_20260913_202721,0,85,0.028394754976034164
L3_B1_paper_flow_mdk_20260913_202721,0,86,0.028056126087903976
L3_B1_paper_flow_mdk_20260913_202721,0,87,0.02787608653306961
L3_B1_paper_flow_mdk_20260913_202721,0,88,0.027930065989494324
L3_B1_paper_flow_mdk_20260913_202721,0,89,0.02800912596285343
L3_B1_paper_flow_mdk_20260913_202721,0,90,0.028164736926555634
L3_B1_paper_flow_mdk_20260913_202721,0,91,0.0281267911195755
L3_B1_paper_flow_mdk_20260913_202721,0,92,0.027680017054080963
L3_B1_paper_flow_mdk_20260913_202721,0,93,0.0284943338483572
L3_B1_paper_flow_mdk_20260913_202721,0,94,0.028262179344892502
L3_B1_paper_flow_mdk_20260913_202721,0,95,0.027476394549012184
L3_B1_paper_flow_mdk_20260913_202721,0,96,0.027513975277543068
L3_B1_paper_flow_mdk_20260913_202721,0,97,0.02684750035405159
L3_B1_paper_flow_mdk_20260913_202721,0,98,0.02671988308429718
L3_B1_paper_flow_mdk_20260913_202721,0,99,0.026657801121473312
L3_B1_paper_flow_mdk_20260913_202721,0,100,0.02623629942536354
L3_B1_paper_flow_mdk_20260913_202721,0,101,0.02599317766726017
L3_B1_paper_flow_mdk_20260913_202721,0,102,0.025609811767935753
L3_B1_paper_flow_mdk_20260913_202721,0,103,0.025523114949464798
L3_B1_paper_flow_mdk_20260913_202721,0,104,0.025407563894987106
L3_B1_paper_flow_mdk_20260913_202721,0,105,0.025470538064837456
L3_B1_paper_flow_mdk_20260913_202721,0,106,0.02562382072210312
L3_B1_paper_flow_mdk_20260913_202721,0,107,0.02559574320912361
L3_B1_paper_flow_mdk_20260913_202721,0,108,0.025627385824918747
L3_B1_paper_flow_mdk_20260913_202721,0,109,0.025357261300086975
L3_B1_paper_flow_mdk_20260913_202721,0,110,0.02530738338828087
L3_B1_paper_flow_mdk_20260913_202721,0,111,0.02524505741894245
L3_B1_paper_flow_mdk_20260913_202721,0,112,0.025254270061850548
L3_B1_paper_flow_mdk_20260913_202721,1,1,0.16145379841327667
L3_B1_paper_flow_mdk_20260913_202721,1,2,0.11875507235527039
L3_B1_paper_flow_mdk_20260913_202721,1,3,0.0948423445224762
L3_B1_paper_flow_mdk_20260913_202721,1,4,0.09247832000255585
L3_B1_paper_flow_mdk_20260913_202721,1,5,0.09153501689434052
L3_B1_paper_flow_mdk_20260913_202721,1,6,0.09669436514377594
L3_B1_paper_flow_mdk_20260913_202721,1,7,0.09454314410686493
L3_B1_paper_flow_mdk_20260913_202721,1,8,0.10883082449436188
L3_B1_paper_flow_mdk_20260913_202721,1,9,0.10100242495536804
L3_B1_paper_flow_mdk_20260913_202721,1,10,0.10989074409008026
L3_B1_paper_flow_mdk_20260913_202721,1,11,0.1525273472070694
L3_B1_paper_flow_mdk_20260913_202721,1,12,0.1485842764377594
L3_B1_paper_flow_mdk_20260913_202721,1,13,0.1524541676044464
L3_B1_paper_flow_mdk_20260913_202721,1,14,0.15880222618579865
L3_B1_paper_flow_mdk_20260913_202721,1,15,0.15606772899627686
L3_B1_paper_flow_mdk_20260913_202721,1,16,0.14997340738773346
L3_B1_paper_flow_mdk_20260913_202721,1,17,0.15574833750724792
L3_B1_paper_flow_mdk_20260913_202721,1,18,0.13582420349121094
L3_B1_paper_flow_mdk_20260913_202721,1,19,0.1410909742116928
L3_B1_paper_flow_mdk_20260913_202721,1,20,0.13176855444908142
L3_B1_paper_flow_mdk_20260913_202721,1,21,0.1253550946712494
L3_B1_paper_flow_mdk_20260913_202721,1,22,0.11935888230800629
L3_B1_paper_flow_mdk_20260913_202721,1,23,0.11728283762931824
L3_B1_paper_flow_mdk_20260913_202721,1,24,0.11445359885692596
L3_B1_paper_flow_mdk_20260913_202721,1,25,0.1117003858089447
L3_B1_paper_flow_mdk_20260913_202721,1,26,0.10604174435138702
L3_B1_paper_flow_mdk_20260913_202721,1,27,0.0926569402217865
L3_B1_paper_flow_mdk_20260913_202721,1,28,0.0920548141002655
L3_B1_paper_flow_mdk_20260913_202721,1,29,0.08989673852920532
L3_B1_paper_flow_mdk_20260913_202721,1,30,0.09039714932441711
L3_B1_paper_flow_mdk_20260913_202721,1,31,0.09068010747432709
L3_B1_paper_flow_mdk_20260913_202721,1,32,0.08222965151071548
L3_B1_paper_flow_mdk_20260913_202721,1,33,0.08900810778141022
L3_B1_paper_flow_mdk_20260913_202721,1,34,0.07993271946907043
L3_B1_paper_flow_mdk_20260913_202721,1,35,0.08535416424274445
L3_B1_paper_flow_mdk_20260913_202721,1,36,0.08376945555210114
L3_B1_paper_flow_mdk_20260913_202721,1,37,0.08280350267887115
L3_B1_paper_flow_mdk_20260913_202721,1,38,0.08521933853626251
L3_B1_paper_flow_mdk_20260913_202721,1,39,0.07787591218948364
L3_B1_paper_flow_mdk_20260913_202721,1,40,0.0686216801404953
L3_B1_paper_flow_mdk_20260913_202721,1,41,0.07371129095554352
L3_B1_paper_flow_mdk_20260913_202721,1,42,0.0728108137845993
L3_B1_paper_flow_mdk_20260913_202721,1,43,0.07179220020771027
L3_B1_paper_flow_mdk_20260913_202721,1,44,0.07350315153598785
L3_B1_paper_flow_mdk_20260913_202721,1,45,0.06959573924541473
L3_B1_paper_flow_mdk_20260913_202721,1,46,0.06694506108760834
L3_B1_paper_flow_mdk_20260913_202721,1,47,0.06045052409172058
L3_B1_paper_flow_mdk_20260913_202721,1,48,0.058862682431936264
L3_B1_paper_flow_mdk_20260913_202721,1,49,0.06054988130927086
L3_B1_paper_flow_mdk_20260913_202721,1,50,0.058527622371912
L3_B1_paper_flow_mdk_20260913_202721,1,51,0.05287536606192589
L3_B1_paper_flow_mdk_20260913_202721,1,52,0.05343157798051834
L3_B1_paper_flow_mdk_20260913_202721,1,53,0.05162219703197479
L3_B1_paper_flow_mdk_20260913_202721,1,54,0.054101262241601944
L3_B1_paper_flow_mdk_20260913_202721,1,55,0.054465360939502716
L3_B1_paper_flow_mdk_20260913_202721,1,56,0.05556889623403549
L3_B1_paper_flow_mdk_20260913_202721,1,57,0.05529076233506203
L3_B1_paper_flow_mdk_20260913_202721,1,58,0.05310940742492676
L3_B1_paper_flow_mdk_20260913_202721,1,59,0.05501125007867813
L3_B1_paper_flow_mdk_20260913_202721,1,60,0.05580814182758331
L3_B1_paper_flow_mdk_20260913_202721,1,61,0.054048314690589905
L3_B1_paper_flow_mdk_20260913_202721,1,62,0.053775861859321594
L3_B1_paper_flow_mdk_20260913_202721,1,63,0.05159696191549301
L3_B1_paper_flow_mdk_20260913_202721,1,64,0.049202319234609604
L3_B1_paper_flow_mdk_20260913_202721,1,65,0.04863092675805092
L3_B1_paper_flow_mdk_20260913_202721,1,66,0.045142125338315964
L3_B1_paper_flow_mdk_20260913_202721,1,67,0.04278228431940079
L3_B1_paper_flow_mdk_20260913_202721,1,68,0.04313332214951515
L3_B1_paper_flow_mdk_20260913_202721,1,69,0.04213538020849228
L3_B1_paper_flow_mdk_20260913_202721,1,70,0.042370814830064774
L3_B1_paper_flow_mdk_20260913_202721,1,71,0.04429449141025543
L3_B1_paper_flow_mdk_20260913_202721,1,72,0.04468874633312225
L3_B1_paper_flow_mdk_20260913_202721,1,73,0.045581281185150146
L3_B1_paper_flow_mdk_20260913_202721,1,74,0.04668055474758148
L3_B1_paper_flow_mdk_20260913_202721,1,75,0.04611470550298691
L3_B1_paper_flow_mdk_20260913_202721,1,76,0.04530509561300278
L3_B1_paper_flow_mdk_20260913_202721,1,77,0.04577760770916939
L3_B1_paper_flow_mdk_20260913_202721,1,78,0.04594321921467781
L3_B1_paper_flow_mdk_20260913_202721,1,79,0.04756183922290802
L3_B1_paper_flow_mdk_20260913_202721,1,80,0.04712089151144028
L3_B1_paper_flow_mdk_20260913_202721,1,81,0.04723287373781204
L3_B1_paper_flow_mdk_20260913_202721,1,82,0.04747479781508446
L3_B1_paper_flow_mdk_20260913_202721,1,83,0.045459091663360596
L3_B1_paper_flow_mdk_20260913_202721,1,84,0.046440836042165756
L3_B1_paper_flow_mdk_20260913_202721,1,85,0.044030264019966125
L3_B1_paper_flow_mdk_20260913_202721,1,86,0.04352099448442459
L3_B1_paper_flow_mdk_20260913_202721,1,87,0.04410553723573685
L3_B1_paper_flow_mdk_20260913_202721,1,88,0.043964553624391556
L3_B1_paper_flow_mdk_20260913_202721,1,89,0.04314296692609787
L3_B1_paper_flow_mdk_20260913_202721,1,90,0.04433608055114746
L3_B1_paper_flow_mdk_20260913_202721,1,91,0.04200231656432152
L3_B1_paper_flow_mdk_20260913_202721,1,92,0.04150804877281189
L3_B1_paper_flow_mdk_20260913_202721,1,93,0.04255266487598419
L3_B1_paper_flow_mdk_20260913_202721,1,94,0.040967248380184174
L3_B1_paper_flow_mdk_20260913_202721,1,95,0.0405619777739048
L3_B1_paper_flow_mdk_20260913_202721,1,96,0.0410451740026474
L3_B1_paper_flow_mdk_20260913_202721,1,97,0.04096045717597008
L3_B1_paper_flow_mdk_20260913_202721,1,98,0.040205828845500946
L3_B1_paper_flow_mdk_20260913_202721,1,99,0.040067993104457855
L3_B1_paper_flow_mdk_20260913_202721,1,100,0.03890959173440933
L3_B1_paper_flow_mdk_20260913_202721,1,101,0.03872321546077728
L3_B1_paper_flow_mdk_20260913_202721,1,102,0.039013952016830444
L3_B1_paper_flow_mdk_20260913_202721,1,103,0.03971380740404129
L3_B1_paper_flow_mdk_20260913_202721,1,104,0.0400470606982708
L3_B1_paper_flow_mdk_20260913_202721,1,105,0.04017624631524086
L3_B1_paper_flow_mdk_20260913_202721,1,106,0.039764225482940674
L3_B1_paper_flow_mdk_20260913_202721,1,107,0.039138466119766235
L3_B1_paper_flow_mdk_20260913_202721,1,108,0.03873857110738754
L3_B1_paper_flow_mdk_20260913_202721,1,109,0.03826182335615158
L3_B1_paper_flow_mdk_20260913_202721,1,110,0.03826339170336723
L3_B1_paper_flow_mdk_20260913_202721,1,111,0.03716716542840004
L3_B1_paper_flow_mdk_20260913_202721,1,112,0.03674338012933731
L3_B1_paper_flow_mdk_20260913_202721,2,1,0.19782868027687073
L3_B1_paper_flow_mdk_20260913_202721,2,2,0.1502513736486435
L3_B1_paper_flow_mdk_20260913_202721,2,3,0.13156919181346893
L3_B1_paper_flow_mdk_20260913_202721,2,4,0.1328403353691101
L3_B1_paper_flow_mdk_20260913_202721,2,5,0.12017765641212463
L3_B1_paper_flow_mdk_20260913_202721,2,6,0.12599985301494598
L3_B1_paper_flow_mdk_20260913_202721,2,7,0.13042490184307098
L3_B1_paper_flow_mdk_20260913_202721,2,8,0.1286940723657608
L3_B1_paper_flow_mdk_20260913_202721,2,9,0.13281898200511932
L3_B1_paper_flow_mdk_20260913_202721,2,10,0.13251878321170807
L3_B1_paper_flow_mdk_20260913_202721,2,11,0.15258750319480896
L3_B1_paper_flow_mdk_20260913_202721,2,12,0.12438130378723145
L3_B1_paper_flow_mdk_20260913_202721,2,13,0.14855431020259857
L3_B1_paper_flow_mdk_20260913_202721,2,14,0.18117941915988922
L3_B1_paper_flow_mdk_20260913_202721,2,15,0.17553386092185974
L3_B1_paper_flow_mdk_20260913_202721,2,16,0.18954642117023468
L3_B1_paper_flow_mdk_20260913_202721,2,17,0.21068239212036133
L3_B1_paper_flow_mdk_20260913_202721,2,18,0.20705744624137878
L3_B1_paper_flow_mdk_20260913_202721,2,19,0.21027593314647675
L3_B1_paper_flow_mdk_20260913_202721,2,20,0.20635691285133362
L3_B1_paper_flow_mdk_20260913_202721,2,21,0.19319193065166473
L3_B1_paper_flow_mdk_20260913_202721,2,22,0.1873856484889984
L3_B1_paper_flow_mdk_20260913_202721,2,23,0.1628410667181015
L3_B1_paper_flow_mdk_20260913_202721,2,24,0.18063321709632874
L3_B1_paper_flow_mdk_20260913_202721,2,25,0.1658944934606552
L3_B1_paper_flow_mdk_20260913_202721,2,26,0.16622105240821838
L3_B1_paper_flow_mdk_20260913_202721,2,27,0.16167141497135162
L3_B1_paper_flow_mdk_20260913_202721,2,28,0.15910780429840088
L3_B1_paper_flow_mdk_20260913_202721,2,29,0.1556146889925003
L3_B1_paper_flow_mdk_20260913_202721,2,30,0.16971825063228607
L3_B1_paper_flow_mdk_20260913_202721,2,31,0.1614052653312683
L3_B1_paper_flow_mdk_20260913_202721,2,32,0.14224477112293243
L3_B1_paper_flow_mdk_20260913_202721,2,33,0.13838878273963928
L3_B1_paper_flow_mdk_20260913_202721,2,34,0.12268443405628204
L3_B1_paper_flow_mdk_20260913_202721,2,35,0.1311929076910019
L3_B1_paper_flow_mdk_20260913_202721,2,36,0.138602152466774
L3_B1_paper_flow_mdk_20260913_202721,2,37,0.13374224305152893
L3_B1_paper_flow_mdk_20260913_202721,2,38,0.12651871144771576
L3_B1_paper_flow_mdk_20260913_202721,2,39,0.11716844141483307
L3_B1_paper_flow_mdk_20260913_202721,2,40,0.11784820258617401
L3_B1_paper_flow_mdk_20260913_202721,2,41,0.13170762360095978
L3_B1_paper_flow_mdk_20260913_202721,2,42,0.11879751086235046
L3_B1_paper_flow_mdk_20260913_202721,2,43,0.12082330882549286
L3_B1_paper_flow_mdk_20260913_202721,2,44,0.11646565794944763
L3_B1_paper_flow_mdk_20260913_202721,2,45,0.1074107438325882
L3_B1_paper_flow_mdk_20260913_202721,2,46,0.1156160980463028
L3_B1_paper_flow_mdk_20260913_202721,2,47,0.1083526760339737
L3_B1_paper_flow_mdk_20260913_202721,2,48,0.11018536984920502
L3_B1_paper_flow_mdk_20260913_202721,2,49,0.09986849129199982
L3_B1_paper_flow_mdk_20260913_202721,2,50,0.09908813238143921
L3_B1_paper_flow_mdk_20260913_202721,2,51,0.09168983995914459
L3_B1_paper_flow_mdk_20260913_202721,2,52,0.08860114216804504
L3_B1_paper_flow_mdk_20260913_202721,2,53,0.0914878398180008
L3_B1_paper_flow_mdk_20260913_202721,2,54,0.09545846283435822
L3_B1_paper_flow_mdk_20260913_202721,2,55,0.09834039211273193
L3_B1_paper_flow_mdk_20260913_202721,2,56,0.09999126195907593
L3_B1_paper_flow_mdk_20260913_202721,2,57,0.09368608891963959
L3_B1_paper_flow_mdk_20260913_202721,2,58,0.09128664433956146
L3_B1_paper_flow_mdk_20260913_202721,2,59,0.08723415434360504
L3_B1_paper_flow_mdk_20260913_202721,2,60,0.08614997565746307
L3_B1_paper_flow_mdk_20260913_202721,2,61,0.09173484146595001
L3_B1_paper_flow_mdk_20260913_202721,2,62,0.08445562422275543
L3_B1_paper_flow_mdk_20260913_202721,2,63,0.07963763922452927
L3_B1_paper_flow_mdk_20260913_202721,2,64,0.07655568420886993
L3_B1_paper_flow_mdk_20260913_202721,2,65,0.0792895033955574
L3_B1_paper_flow_mdk_20260913_202721,2,66,0.0774465948343277
L3_B1_paper_flow_mdk_20260913_202721,2,67,0.07941503822803497
L3_B1_paper_flow_mdk_20260913_202721,2,68,0.07103520631790161
L3_B1_paper_flow_mdk_20260913_202721,2,69,0.07098197191953659
L3_B1_paper_flow_mdk_20260913_202721,2,70,0.06688642501831055
L3_B1_paper_flow_mdk_20260913_202721,2,71,0.06902553886175156
L3_B1_paper_flow_mdk_20260913_202721,2,72,0.06780080497264862
L3_B1_paper_flow_mdk_20260913_202721,2,73,0.06747831404209137
L3_B1_paper_flow_mdk_20260913_202721,2,74,0.06904876232147217
L3_B1_paper_flow_mdk_20260913_202721,2,75,0.06334635615348816
L3_B1_paper_flow_mdk_20260913_202721,2,76,0.06735745072364807
L3_B1_paper_flow_mdk_20260913_202721,2,77,0.06737551838159561
L3_B1_paper_flow_mdk_20260913_202721,2,78,0.06850375235080719
L3_B1_paper_flow_mdk_20260913_202721,2,79,0.07131712883710861
L3_B1_paper_flow_mdk_20260913_202721,2,80,0.07035743445158005
L3_B1_paper_flow_mdk_20260913_202721,2,81,0.06720559298992157
L3_B1_paper_flow_mdk_20260913_202721,2,82,0.06712254881858826
L3_B1_paper_flow_mdk_20260913_202721,2,83,0.06775574386119843
L3_B1_paper_flow_mdk_20260913_202721,2,84,0.06720954179763794
L3_B1_paper_flow_mdk_20260913_202721,2,85,0.06508074700832367
L3_B1_paper_flow_mdk_20260913_202721,2,86,0.064395010471344
L3_B1_paper_flow_mdk_20260913_202721,2,87,0.0633527934551239
L3_B1_paper_flow_mdk_20260913_202721,2,88,0.06417107582092285
L3_B1_paper_flow_mdk_20260913_202721,2,89,0.06284785270690918
L3_B1_paper_flow_mdk_20260913_202721,2,90,0.06398146599531174
L3_B1_paper_flow_mdk_20260913_202721,2,91,0.06654005497694016
L3_B1_paper_flow_mdk_20260913_202721,2,92,0.06886488944292068
L3_B1_paper_flow_mdk_20260913_202721,2,93,0.07216387987136841
L3_B1_paper_flow_mdk_20260913_202721,2,94,0.07102309912443161
L3_B1_paper_flow_mdk_20260913_202721,2,95,0.07107582688331604
L3_B1_paper_flow_mdk_20260913_202721,2,96,0.07174347341060638
L3_B1_paper_flow_mdk_20260913_202721,2,97,0.0704202651977539
L3_B1_paper_flow_mdk_20260913_202721,2,98,0.06838834285736084
L3_B1_paper_flow_mdk_20260913_202721,2,99,0.06749913841485977
L3_B1_paper_flow_mdk_20260913_202721,2,100,0.06602996587753296
L3_B1_paper_flow_mdk_20260913_202721,2,101,0.06537164747714996
L3_B1_paper_flow_mdk_20260913_202721,2,102,0.06599739193916321
L3_B1_paper_flow_mdk_20260913_202721,2,103,0.0653773844242096
L3_B1_paper_flow_mdk_20260913_202721,2,104,0.06380096822977066
L3_B1_paper_flow_mdk_20260913_202721,2,105,0.06405402719974518
L3_B1_paper_flow_mdk_20260913_202721,2,106,0.06166857108473778
L3_B1_paper_flow_mdk_20260913_202721,2,107,0.061466626822948456
L3_B1_paper_flow_mdk_20260913_202721,2,108,0.059340979903936386
L3_B1_paper_flow_mdk_20260913_202721,2,109,0.060216039419174194
L3_B1_paper_flow_mdk_20260913_202721,2,110,0.06176524609327316
L3_B1_paper_flow_mdk_20260913_202721,2,111,0.059920597821474075
L3_B1_paper_flow_mdk_20260913_202721,2,112,0.060570985078811646
L3_B1_paper_flow_mdk_20260913_202721,3,1,0.184369295835495
L3_B1_paper_flow_mdk_20260913_202721,3,2,0.1575399488210678
L3_B1_paper_flow_mdk_20260913_202721,3,3,0.1297098845243454
L3_B1_paper_flow_mdk_20260913_202721,3,4,0.11456011235713959
L3_B1_paper_flow_mdk_20260913_202721,3,5,0.10124465823173523
L3_B1_paper_flow_mdk_20260913_202721,3,6,0.10964405536651611
L3_B1_paper_flow_mdk_20260913_202721,3,7,0.11115875840187073
L3_B1_paper_flow_mdk_20260913_202721,3,8,0.11252880096435547
L3_B1_paper_flow_mdk_20260913_202721,3,9,0.09799155592918396
L3_B1_paper_flow_mdk_20260913_202721,3,10,0.09422285854816437
L3_B1_paper_flow_mdk_20260913_202721,3,11,0.09499286115169525
L3_B1_paper_flow_mdk_20260913_202721,3,12,0.07862703502178192
L3_B1_paper_flow_mdk_20260913_202721,3,13,0.07628320157527924
L3_B1_paper_flow_mdk_20260913_202721,3,14,0.07432503998279572
L3_B1_paper_flow_mdk_20260913_202721,3,15,0.06599865853786469
L3_B1_paper_flow_mdk_20260913_202721,3,16,0.05897768214344978
L3_B1_paper_flow_mdk_20260913_202721,3,17,0.055630963295698166
L3_B1_paper_flow_mdk_20260913_202721,3,18,0.04925345629453659
L3_B1_paper_flow_mdk_20260913_202721,3,19,0.04722890630364418
L3_B1_paper_flow_mdk_20260913_202721,3,20,0.045423369854688644
L3_B1_paper_flow_mdk_20260913_202721,3,21,0.04004290699958801
L3_B1_paper_flow_mdk_20260913_202721,3,22,0.04296635091304779
L3_B1_paper_flow_mdk_20260913_202721,3,23,0.040873244404792786
L3_B1_paper_flow_mdk_20260913_202721,3,24,0.0406261682510376
L3_B1_paper_flow_mdk_20260913_202721,3,25,0.03644099831581116
L3_B1_paper_flow_mdk_20260913_202721,3,26,0.03515004366636276
L3_B1_paper_flow_mdk_20260913_202721,3,27,0.03197438642382622
L3_B1_paper_flow_mdk_20260913_202721,3,28,0.030986275523900986
L3_B1_paper_flow_mdk_20260913_202721,3,29,0.03024311736226082
L3_B1_paper_flow_mdk_20260913_202721,3,30,0.030179914087057114
L3_B1_paper_flow_mdk_20260913_202721,3,31,0.03121715970337391
L3_B1_paper_flow_mdk_20260913_202721,3,32,0.02851160243153572
L3_B1_paper_flow_mdk_20260913_202721,3,33,0.027641892433166504
L3_B1_paper_flow_mdk_20260913_202721,3,34,0.027808891609311104
L3_B1_paper_flow_mdk_20260913_202721,3,35,0.02719331905245781
L3_B1_paper_flow_mdk_20260913_202721,3,36,0.027177464216947556
L3_B1_paper_flow_mdk_20260913_202721,3,37,0.0266498364508152
L3_B1_paper_flow_mdk_20260913_202721,3,38,0.026626331731677055
L3_B1_paper_flow_mdk_20260913_202721,3,39,0.026001419872045517
L3_B1_paper_flow_mdk_20260913_202721,3,40,0.02605464868247509
L3_B1_paper_flow_mdk_20260913_202721,3,41,0.02665935456752777
L3_B1_paper_flow_mdk_20260913_202721,3,42,0.026883481070399284
L3_B1_paper_flow_mdk_20260913_202721,3,43,0.028086889535188675
L3_B1_paper_flow_mdk_20260913_202721,3,44,0.027142031118273735
L3_B1_paper_flow_mdk_20260913_202721,3,45,0.0263057928532362
L3_B1_paper_flow_mdk_20260913_202721,3,46,0.026467053219676018
L3_B1_paper_flow_mdk_20260913_202721,3,47,0.026512712240219116
L3_B1_paper_flow_mdk_20260913_202721,3,48,0.026428407058119774
L3_B1_paper_flow_mdk_20260913_202721,3,49,0.026136379688978195
L3_B1_paper_flow_mdk_20260913_202721,3,50,0.025732196867465973
L3_B1_paper_flow_mdk_20260913_202721,3,51,0.026214927434921265
L3_B1_paper_flow_mdk_20260913_202721,3,52,0.026025060564279556
L3_B1_paper_flow_mdk_20260913_202721,3,53,0.02584366872906685
L3_B1_paper_flow_mdk_20260913_202721,3,54,0.02545332722365856
L3_B1_paper_flow_mdk_20260913_202721,3,55,0.02561250329017639
L3_B1_paper_flow_mdk_20260913_202721,3,56,0.02531791850924492
L3_B1_paper_flow_mdk_20260913_202721,3,57,0.025032587349414825
L3_B1_paper_flow_mdk_20260913_202721,3,58,0.025051642209291458
L3_B1_paper_flow_mdk_20260913_202721,3,59,0.025079865008592606
L3_B1_paper_flow_mdk_20260913_202721,3,60,0.024771399796009064
L3_B1_paper_flow_mdk_20260913_202721,3,61,0.024931810796260834
L3_B1_paper_flow_mdk_20260913_202721,3,62,0.024894436821341515
L3_B1_paper_flow_mdk_20260913_202721,3,63,0.024584313854575157
L3_B1_paper_flow_mdk_20260913_202721,3,64,0.024545256048440933
L3_B1_paper_flow_mdk_20260913_202721,3,65,0.02413587085902691
L3_B1_paper_flow_mdk_20260913_202721,3,66,0.024103567004203796
L3_B1_paper_flow_mdk_20260913_202721,3,67,0.023972459137439728
L3_B1_paper_flow_mdk_20260913_202721,3,68,0.023686181753873825
L3_B1_paper_flow_mdk_20260913_202721,3,69,0.023483972996473312
L3_B1_paper_flow_mdk_20260913_202721,3,70,0.023499764502048492
L3_B1_paper_flow_mdk_20260913_202721,3,71,0.023475758731365204
L3_B1_paper_flow_mdk_20260913_202721,3,72,0.023531626909971237
L3_B1_paper_flow_mdk_20260913_202721,3,73,0.023488033562898636
L3_B1_paper_flow_mdk_20260913_202721,3,74,0.02346727065742016
L3_B1_paper_flow_mdk_20260913_202721,3,75,0.023250559344887733
L3_B1_paper_flow_mdk_20260913_202721,3,76,0.022847643122076988
L3_B1_paper_flow_mdk_20260913_202721,3,77,0.022947991266846657
L3_B1_paper_flow_mdk_20260913_202721,3,78,0.02303498238325119
L3_B1_paper_flow_mdk_20260913_202721,3,79,0.02318579889833927
L3_B1_paper_flow_mdk_20260913_202721,3,80,0.02319374307990074
L3_B1_paper_flow_mdk_20260913_202721,3,81,0.023347772657871246
L3_B1_paper_flow_mdk_20260913_202721,3,82,0.02330491505563259
L3_B1_paper_flow_mdk_20260913_202721,3,83,0.023307569324970245
L3_B1_paper_flow_mdk_20260913_202721,3,84,0.023166272789239883
L3_B1_paper_flow_mdk_20260913_202721,3,85,0.023016832768917084
L3_B1_paper_flow_mdk_20260913_202721,3,86,0.023184489458799362
L3_B1_paper_flow_mdk_20260913_202721,3,87,0.023232556879520416
L3_B1_paper_flow_mdk_20260913_202721,3,88,0.02332286536693573
L3_B1_paper_flow_mdk_20260913_202721,3,89,0.023320484906435013
L3_B1_paper_flow_mdk_20260913_202721,3,90,0.023289812728762627
L3_B1_paper_flow_mdk_20260913_202721,3,91,0.023264838382601738
L3_B1_paper_flow_mdk_20260913_202721,3,92,0.02329639531672001
L3_B1_paper_flow_mdk_20260913_202721,3,93,0.023545309901237488
L3_B1_paper_flow_mdk_20260913_202721,3,94,0.02362886257469654
L3_B1_paper_flow_mdk_20260913_202721,3,95,0.023666564375162125
L3_B1_paper_flow_mdk_20260913_202721,3,96,0.023678403347730637
L3_B1_paper_flow_mdk_20260913_202721,3,97,0.023692889139056206
L3_B1_paper_flow_mdk_20260913_202721,3,98,0.023756064474582672
L3_B1_paper_flow_mdk_20260913_202721,3,99,0.0239060390740633
L3_B1_paper_flow_mdk_20260913_202721,3,100,0.024072453379631042
L3_B1_paper_flow_mdk_20260913_202721,3,101,0.024133741855621338
L3_B1_paper_flow_mdk_20260913_202721,3,102,0.024108096957206726
L3_B1_paper_flow_mdk_20260913_202721,3,103,0.023961566388607025
L3_B1_paper_flow_mdk_20260913_202721,3,104,0.02394547313451767
L3_B1_paper_flow_mdk_20260913_202721,3,105,0.024046560749411583
L3_B1_paper_flow_mdk_20260913_202721,3,106,0.024042954668402672
L3_B1_paper_flow_mdk_20260913_202721,3,107,0.023949863389134407
L3_B1_paper_flow_mdk_20260913_202721,3,108,0.024081895127892494
L3_B1_paper_flow_mdk_20260913_202721,3,109,0.023986129090189934
L3_B1_paper_flow_mdk_20260913_202721,3,110,0.024035288020968437
L3_B1_paper_flow_mdk_20260913_202721,3,111,0.024018915370106697
L3_B1_paper_flow_mdk_20260913_202721,3,112,0.024245519191026688
L3_B1_paper_flow_mdk_20260913_202721,4,1,0.17758679389953613
L3_B1_paper_flow_mdk_20260913_202721,4,2,0.10977351665496826
L3_B1_paper_flow_mdk_20260913_202721,4,3,0.10328847169876099
L3_B1_paper_flow_mdk_20260913_202721,4,4,0.10462692379951477
L3_B1_paper_flow_mdk_20260913_202721,4,5,0.08885455131530762
L3_B1_paper_flow_mdk_20260913_202721,4,6,0.07768573611974716
L3_B1_paper_flow_mdk_20260913_202721,4,7,0.076783187687397
L3_B1_paper_flow_mdk_20260913_202721,4,8,0.08235757052898407
L3_B1_paper_flow_mdk_20260913_202721,4,9,0.09944711625576019
L3_B1_paper_flow_mdk_20260913_202721,4,10,0.11963152885437012
L3_B1_paper_flow_mdk_20260913_202721,4,11,0.12410376965999603
L3_B1_paper_flow_mdk_20260913_202721,4,12,0.09854860603809357
L3_B1_paper_flow_mdk_20260913_202721,4,13,0.08541765809059143
L3_B1_paper_flow_mdk_20260913_202721,4,14,0.07769311964511871
L3_B1_paper_flow_mdk_20260913_202721,4,15,0.0678749680519104
L3_B1_paper_flow_mdk_20260913_202721,4,16,0.06742563843727112
L3_B1_paper_flow_mdk_20260913_202721,4,17,0.062241535633802414
L3_B1_paper_flow_mdk_20260913_202721,4,18,0.05735449865460396
L3_B1_paper_flow_mdk_20260913_202721,4,19,0.053581736981868744
L3_B1_paper_flow_mdk_20260913_202721,4,20,0.05040406808257103
L3_B1_paper_flow_mdk_20260913_202721,4,21,0.04829659312963486
L3_B1_paper_flow_mdk_20260913_202721,4,22,0.04836225509643555
L3_B1_paper_flow_mdk_20260913_202721,4,23,0.04611348360776901
L3_B1_paper_flow_mdk_20260913_202721,4,24,0.04410942643880844
L3_B1_paper_flow_mdk_20260913_202721,4,25,0.04366175830364227
L3_B1_paper_flow_mdk_20260913_202721,4,26,0.03670012205839157
L3_B1_paper_flow_mdk_20260913_202721,4,27,0.03623582050204277
L3_B1_paper_flow_mdk_20260913_202721,4,28,0.034568142145872116
L3_B1_paper_flow_mdk_20260913_202721,4,29,0.03226909041404724
L3_B1_paper_flow_mdk_20260913_202721,4,30,0.0321044996380806
L3_B1_paper_flow_mdk_20260913_202721,4,31,0.030722159892320633
L3_B1_paper_flow_mdk_20260913_202721,4,32,0.029998689889907837
L3_B1_paper_flow_mdk_20260913_202721,4,33,0.029137074947357178
L3_B1_paper_flow_mdk_20260913_202721,4,34,0.02660800702869892
L3_B1_paper_flow_mdk_20260913_202721,4,35,0.026781940832734108
L3_B1_paper_flow_mdk_20260913_202721,4,36,0.026152366772294044
L3_B1_paper_flow_mdk_20260913_202721,4,37,0.025233864784240723
L3_B1_paper_flow_mdk_20260913_202721,4,38,0.02500203438103199
L3_B1_paper_flow_mdk_20260913_202721,4,39,0.024631233885884285
L3_B1_paper_flow_mdk_20260913_202721,4,40,0.02426028810441494
L3_B1_paper_flow_mdk_20260913_202721,4,41,0.023995673283934593
L3_B1_paper_flow_mdk_20260913_202721,4,42,0.02366943657398224
L3_B1_paper_flow_mdk_20260913_202721,4,43,0.023489031940698624
L3_B1_paper_flow_mdk_20260913_202721,4,44,0.023544916883111
L3_B1_paper_flow_mdk_20260913_202721,4,45,0.024174218997359276
L3_B1_paper_flow_mdk_20260913_202721,4,46,0.023567060008645058
L3_B1_paper_flow_mdk_20260913_202721,4,47,0.0236009880900383
L3_B1_paper_flow_mdk_20260913_202721,4,48,0.02327882871031761
L3_B1_paper_flow_mdk_20260913_202721,4,49,0.023328706622123718
L3_B1_paper_flow_mdk_20260913_202721,4,50,0.023498088121414185
L3_B1_paper_flow_mdk_20260913_202721,4,51,0.023441080003976822
L3_B1_paper_flow_mdk_20260913_202721,4,52,0.02341405861079693
L3_B1_paper_flow_mdk_20260913_202721,4,53,0.02319544181227684
L3_B1_paper_flow_mdk_20260913_202721,4,54,0.023051127791404724
L3_B1_paper_flow_mdk_20260913_202721,4,55,0.022892069071531296
L3_B1_paper_flow_mdk_20260913_202721,4,56,0.02339804358780384
L3_B1_paper_flow_mdk_20260913_202721,4,57,0.02293756604194641
L3_B1_paper_flow_mdk_20260913_202721,4,58,0.022953497245907784
L3_B1_paper_flow_mdk_20260913_202721,4,59,0.022526217624545097
L3_B1_paper_flow_mdk_20260913_202721,4,60,0.022853540256619453
L3_B1_paper_flow_mdk_20260913_202721,4,61,0.0231613852083683
L3_B1_paper_flow_mdk_20260913_202721,4,62,0.023219482973217964
L3_B1_paper_flow_mdk_20260913_202721,4,63,0.02294677123427391
L3_B1_paper_flow_mdk_20260913_202721,4,64,0.022476863116025925
L3_B1_paper_flow_mdk_20260913_202721,4,65,0.02245931141078472
L3_B1_paper_flow_mdk_20260913_202721,4,66,0.02259943261742592
L3_B1_paper_flow_mdk_20260913_202721,4,67,0.02267642319202423
L3_B1_paper_flow_mdk_20260913_202721,4,68,0.02275451272726059
L3_B1_paper_flow_mdk_20260913_202721,4,69,0.022817881777882576
L3_B1_paper_flow_mdk_20260913_202721,4,70,0.022840946912765503
L3_B1_paper_flow_mdk_20260913_202721,4,71,0.022755445912480354
L3_B1_paper_flow_mdk_20260913_202721,4,72,0.022513173520565033
L3_B1_paper_flow_mdk_20260913_202721,4,73,0.02247105911374092
L3_B1_paper_flow_mdk_20260913_202721,4,74,0.022429464384913445
L3_B1_paper_flow_mdk_20260913_202721,4,75,0.0225739236921072
L3_B1_paper_flow_mdk_20260913_202721,4,76,0.02235821634531021
L3_B1_paper_flow_mdk_20260913_202721,4,77,0.022390706464648247
L3_B1_paper_flow_mdk_20260913_202721,4,78,0.02227819710969925
L3_B1_paper_flow_mdk_20260913_202721,4,79,0.022351326420903206
L3_B1_paper_flow_mdk_20260913_202721,4,80,0.022582225501537323
L3_B1_paper_flow_mdk_20260913_202721,4,81,0.02232072688639164
L3_B1_paper_flow_mdk_20260913_202721,4,82,0.022185927256941795
L3_B1_paper_flow_mdk_20260913_202721,4,83,0.02200794592499733
L3_B1_paper_flow_mdk_20260913_202721,4,84,0.02196267992258072
L3_B1_paper_flow_mdk_20260913_202721,4,85,0.021932635456323624
L3_B1_paper_flow_mdk_20260913_202721,4,86,0.02201627939939499
L3_B1_paper_flow_mdk_20260913_202721,4,87,0.021920476108789444
L3_B1_paper_flow_mdk_20260913_202721,4,88,0.02202463150024414
L3_B1_paper_flow_mdk_20260913_202721,4,89,0.022070182487368584
L3_B1_paper_flow_mdk_20260913_202721,4,90,0.022288955748081207
L3_B1_paper_flow_mdk_20260913_202721,4,91,0.022289039567112923
L3_B1_paper_flow_mdk_20260913_202721,4,92,0.022249849513173103
L3_B1_paper_flow_mdk_20260913_202721,4,93,0.022182758897542953
L3_B1_paper_flow_mdk_20260913_202721,4,94,0.022452782839536667
L3_B1_paper_flow_mdk_20260913_202721,4,95,0.02251758798956871
L3_B1_paper_flow_mdk_20260913_202721,4,96,0.02255147323012352
L3_B1_paper_flow_mdk_20260913_202721,4,97,0.022567735984921455
L3_B1_paper_flow_mdk_20260913_202721,4,98,0.022598840296268463
L3_B1_paper_flow_mdk_20260913_202721,4,99,0.022644324228167534
L3_B1_paper_flow_mdk_20260913_202721,4,100,0.022701937705278397
L3_B1_paper_flow_mdk_20260913_202721,4,101,0.02289285510778427
L3_B1_paper_flow_mdk_20260913_202721,4,102,0.022841518744826317
L3_B1_paper_flow_mdk_20260913_202721,4,103,0.022747106850147247
L3_B1_paper_flow_mdk_20260913_202721,4,104,0.022838745266199112
L3_B1_paper_flow_mdk_20260913_202721,4,105,0.022945553064346313
L3_B1_paper_flow_mdk_20260913_202721,4,106,0.02292623743414879
L3_B1_paper_flow_mdk_20260913_202721,4,107,0.02306881546974182
L3_B1_paper_flow_mdk_20260913_202721,4,108,0.023128176108002663
L3_B1_paper_flow_mdk_20260913_202721,4,109,0.023064011707901955
L3_B1_paper_flow_mdk_20260913_202721,4,110,0.02316359616816044
L3_B1_paper_flow_mdk_20260913_202721,4,111,0.023256096988916397
L3_B1_paper_flow_mdk_20260913_202721,4,112,0.023176755756139755
L3_B1_paper_flow_mdk_20260913_202721,5,1,0.2642885148525238
L3_B1_paper_flow_mdk_20260913_202721,5,2,0.27696964144706726
L3_B1_paper_flow_mdk_20260913_202721,5,3,0.27532753348350525
L3_B1_paper_flow_mdk_20260913_202721,5,4,0.26800084114074707
L3_B1_paper_flow_mdk_20260913_202721,5,5,0.2667580544948578
L3_B1_paper_flow_mdk_20260913_202721,5,6,0.2329959124326706
L3_B1_paper_flow_mdk_20260913_202721,5,7,0.25127387046813965
L3_B1_paper_flow_mdk_20260913_202721,5,8,0.25638216733932495
L3_B1_paper_flow_mdk_20260913_202721,5,9,0.23889504373073578
L3_B1_paper_flow_mdk_20260913_202721,5,10,0.2553558945655823
L3_B1_paper_flow_mdk_20260913_202721,5,11,0.28599032759666443
L3_B1_paper_flow_mdk_20260913_202721,5,12,0.2738178074359894
L3_B1_paper_flow_mdk_20260913_202721,5,13,0.23750975728034973
L3_B1_paper_flow_mdk_20260913_202721,5,14,0.20733018219470978
L3_B1_paper_flow_mdk_20260913_202721,5,15,0.18375493586063385
L3_B1_paper_flow_mdk_20260913_202721,5,16,0.19431892037391663
L3_B1_paper_flow_mdk_20260913_202721,5,17,0.21891897916793823
L3_B1_paper_flow_mdk_20260913_202721,5,18,0.21466130018234253
L3_B1_paper_flow_mdk_20260913_202721,5,19,0.20214426517486572
L3_B1_paper_flow_mdk_20260913_202721,5,20,0.17694362998008728
L3_B1_paper_flow_mdk_20260913_202721,5,21,0.1729254126548767
L3_B1_paper_flow_mdk_20260913_202721,5,22,0.17236417531967163
L3_B1_paper_flow_mdk_20260913_202721,5,23,0.17244189977645874
L3_B1_paper_flow_mdk_20260913_202721,5,24,0.17020970582962036
L3_B1_paper_flow_mdk_20260913_202721,5,25,0.16020432114601135
L3_B1_paper_flow_mdk_20260913_202721,5,26,0.15285995602607727
L3_B1_paper_flow_mdk_20260913_202721,5,27,0.1442948281764984
L3_B1_paper_flow_mdk_20260913_202721,5,28,0.14792177081108093
L3_B1_paper_flow_mdk_20260913_202721,5,29,0.12928389012813568
L3_B1_paper_flow_mdk_20260913_202721,5,30,0.12558923661708832
L3_B1_paper_flow_mdk_20260913_202721,5,31,0.12946295738220215
L3_B1_paper_flow_mdk_20260913_202721,5,32,0.12053196132183075
L3_B1_paper_flow_mdk_20260913_202721,5,33,0.12915189564228058
L3_B1_paper_flow_mdk_20260913_202721,5,34,0.12432608008384705
L3_B1_paper_flow_mdk_20260913_202721,5,35,0.11800462007522583
L3_B1_paper_flow_mdk_20260913_202721,5,36,0.12536711990833282
L3_B1_paper_flow_mdk_20260913_202721,5,37,0.12779276072978973
L3_B1_paper_flow_mdk_20260913_202721,5,38,0.13179822266101837
L3_B1_paper_flow_mdk_20260913_202721,5,39,0.12347164750099182
L3_B1_paper_flow_mdk_20260913_202721,5,40,0.13068440556526184
L3_B1_paper_flow_mdk_20260913_202721,5,41,0.1280309408903122
L3_B1_paper_flow_mdk_20260913_202721,5,42,0.12849946320056915
L3_B1_paper_flow_mdk_20260913_202721,5,43,0.13802504539489746
L3_B1_paper_flow_mdk_20260913_202721,5,44,0.1314123272895813
L3_B1_paper_flow_mdk_20260913_202721,5,45,0.1290474534034729
L3_B1_paper_flow_mdk_20260913_202721,5,46,0.12168735265731812
L3_B1_paper_flow_mdk_20260913_202721,5,47,0.12094186246395111
L3_B1_paper_flow_mdk_20260913_202721,5,48,0.12205246090888977
L3_B1_paper_flow_mdk_20260913_202721,5,49,0.11918562650680542
L3_B1_paper_flow_mdk_20260913_202721,5,50,0.12346728146076202
L3_B1_paper_flow_mdk_20260913_202721,5,51,0.13191507756710052
L3_B1_paper_flow_mdk_20260913_202721,5,52,0.1355208158493042
L3_B1_paper_flow_mdk_20260913_202721,5,53,0.13722313940525055
L3_B1_paper_flow_mdk_20260913_202721,5,54,0.1388913094997406
L3_B1_paper_flow_mdk_20260913_202721,5,55,0.1359986811876297
L3_B1_paper_flow_mdk_20260913_202721,5,56,0.13925087451934814
L3_B1_paper_flow_mdk_20260913_202721,5,57,0.14725878834724426
L3_B1_paper_flow_mdk_20260913_202721,5,58,0.147092804312706
L3_B1_paper_flow_mdk_20260913_202721,5,59,0.15398086607456207
L3_B1_paper_flow_mdk_20260913_202721,5,60,0.14834721386432648
L3_B1_paper_flow_mdk_20260913_202721,5,61,0.15677028894424438
L3_B1_paper_flow_mdk_20260913_202721,5,62,0.16707658767700195
L3_B1_paper_flow_mdk_20260913_202721,5,63,0.1708592176437378
L3_B1_paper_flow_mdk_20260913_202721,5,64,0.16647697985172272
L3_B1_paper_flow_mdk_20260913_202721,5,65,0.16695761680603027
L3_B1_paper_flow_mdk_20260913_202721,5,66,0.16405928134918213
L3_B1_paper_flow_mdk_20260913_202721,5,67,0.17074383795261383
L3_B1_paper_flow_mdk_20260913_202721,5,68,0.17471295595169067
L3_B1_paper_flow_mdk_20260913_202721,5,69,0.17249040305614471
L3_B1_paper_flow_mdk_20260913_202721,5,70,0.16697029769420624
L3_B1_paper_flow_mdk_20260913_202721,5,71,0.1610662043094635
L3_B1_paper_flow_mdk_20260913_202721,5,72,0.16237975656986237
L3_B1_paper_flow_mdk_20260913_202721,5,73,0.161713108420372
L3_B1_paper_flow_mdk_20260913_202721,5,74,0.16365119814872742
L3_B1_paper_flow_mdk_20260913_202721,5,75,0.17087358236312866
L3_B1_paper_flow_mdk_20260913_202721,5,76,0.18893422186374664
L3_B1_paper_flow_mdk_20260913_202721,5,77,0.18522119522094727
L3_B1_paper_flow_mdk_20260913_202721,5,78,0.17453785240650177
L3_B1_paper_flow_mdk_20260913_202721,5,79,0.17322419583797455
L3_B1_paper_flow_mdk_20260913_202721,5,80,0.1699916571378708
L3_B1_paper_flow_mdk_20260913_202721,5,81,0.1714368611574173
L3_B1_paper_flow_mdk_20260913_202721,5,82,0.18306110799312592
L3_B1_paper_flow_mdk_20260913_202721,5,83,0.17027761042118073
L3_B1_paper_flow_mdk_20260913_202721,5,84,0.17778514325618744
L3_B1_paper_flow_mdk_20260913_202721,5,85,0.18000207841396332
L3_B1_paper_flow_mdk_20260913_202721,5,86,0.17946982383728027
L3_B1_paper_flow_mdk_20260913_202721,5,87,0.1755591779947281
L3_B1_paper_flow_mdk_20260913_202721,5,88,0.17024987936019897
L3_B1_paper_flow_mdk_20260913_202721,5,89,0.17127126455307007
L3_B1_paper_flow_mdk_20260913_202721,5,90,0.17602191865444183
L3_B1_paper_flow_mdk_20260913_202721,5,91,0.17509351670742035
L3_B1_paper_flow_mdk_20260913_202721,5,92,0.18028658628463745
L3_B1_paper_flow_mdk_20260913_202721,5,93,0.18316756188869476
L3_B1_paper_flow_mdk_20260913_202721,5,94,0.18910692632198334
L3_B1_paper_flow_mdk_20260913_202721,5,95,0.1919918954372406
L3_B1_paper_flow_mdk_20260913_202721,5,96,0.19030354917049408
L3_B1_paper_flow_mdk_20260913_202721,5,97,0.1999696046113968
L3_B1_paper_flow_mdk_20260913_202721,5,98,0.19277146458625793
L3_B1_paper_flow_mdk_20260913_202721,5,99,0.18114614486694336
L3_B1_paper_flow_mdk_20260913_202721,5,100,0.18317767977714539
L3_B1_paper_flow_mdk_20260913_202721,5,101,0.18905009329319
L3_B1_paper_flow_mdk_20260913_202721,5,102,0.1866682767868042
L3_B1_paper_flow_mdk_20260913_202721,5,103,0.19075246155261993
L3_B1_paper_flow_mdk_20260913_202721,5,104,0.19429230690002441
L3_B1_paper_flow_mdk_20260913_202721,5,105,0.19119791686534882
L3_B1_paper_flow_mdk_20260913_202721,5,106,0.19696636497974396
L3_B1_paper_flow_mdk_20260913_202721,5,107,0.20132242143154144
L3_B1_paper_flow_mdk_20260913_202721,5,108,0.19901861250400543
L3_B1_paper_flow_mdk_20260913_202721,5,109,0.2012249231338501
L3_B1_paper_flow_mdk_20260913_202721,5,110,0.19905290007591248
L3_B1_paper_flow_mdk_20260913_202721,5,111,0.20055995881557465
L3_B1_paper_flow_mdk_20260913_202721,5,112,0.20010513067245483
L3_B1_paper_ssgc_20260913_202721,0,1,0.1964299976825714
L3_B1_paper_ssgc_20260913_202721,0,2,0.16545124351978302
L3_B1_paper_ssgc_20260913_202721,0,3,0.12400378286838531
L3_B1_paper_ssgc_20260913_202721,0,4,0.09619072079658508
L3_B1_paper_ssgc_20260913_202721,0,5,0.058657679706811905
L3_B1_paper_ssgc_20260913_202721,0,6,0.0539298877120018
L3_B1_paper_ssgc_20260913_202721,0,7,0.04863109067082405
L3_B1_paper_ssgc_20260913_202721,0,8,0.0539105199277401
L3_B1_paper_ssgc_20260913_202721,0,9,0.05975223705172539
L3_B1_paper_ssgc_20260913_202721,0,10,0.06479031592607498
L3_B1_paper_ssgc_20260913_202721,0,11,0.07147558778524399
L3_B1_paper_ssgc_20260913_202721,0,12,0.07138660550117493
L3_B1_paper_ssgc_20260913_202721,0,13,0.09220843017101288
L3_B1_paper_ssgc_20260913_202721,0,14,0.09326784312725067
L3_B1_paper_ssgc_20260913_202721,0,15,0.10869640111923218
L3_B1_paper_ssgc_20260913_202721,0,16,0.12622341513633728
L3_B1_paper_ssgc_20260913_202721,0,17,0.11240962147712708
L3_B1_paper_ssgc_20260913_202721,0,18,0.11090199649333954
L3_B1_paper_ssgc_20260913_202721,0,19,0.10678964853286743
L3_B1_paper_ssgc_20260913_202721,0,20,0.12375123798847198
L3_B1_paper_ssgc_20260913_202721,0,21,0.1233048290014267
L3_B1_paper_ssgc_20260913_202721,0,22,0.11237895488739014
L3_B1_paper_ssgc_20260913_202721,0,23,0.11888283491134644
L3_B1_paper_ssgc_20260913_202721,0,24,0.11872997879981995
L3_B1_paper_ssgc_20260913_202721,0,25,0.11030535399913788
L3_B1_paper_ssgc_20260913_202721,0,26,0.11104631423950195
L3_B1_paper_ssgc_20260913_202721,0,27,0.11524698138237
L3_B1_paper_ssgc_20260913_202721,0,28,0.1272997409105301
L3_B1_paper_ssgc_20260913_202721,0,29,0.13269521296024323
L3_B1_paper_ssgc_20260913_202721,0,30,0.13599058985710144
L3_B1_paper_ssgc_20260913_202721,0,31,0.12689656019210815
L3_B1_paper_ssgc_20260913_202721,0,32,0.14894510805606842
L3_B1_paper_ssgc_20260913_202721,0,33,0.13310037553310394
L3_B1_paper_ssgc_20260913_202721,0,34,0.1296248584985733
L3_B1_paper_ssgc_20260913_202721,0,35,0.1319814771413803
L3_B1_paper_ssgc_20260913_202721,0,36,0.13291262090206146
L3_B1_paper_ssgc_20260913_202721,0,37,0.14430305361747742
L3_B1_paper_ssgc_20260913_202721,0,38,0.14753368496894836
L3_B1_paper_ssgc_20260913_202721,0,39,0.15203416347503662
L3_B1_paper_ssgc_20260913_202721,0,40,0.14704778790473938
L3_B1_paper_ssgc_20260913_202721,0,41,0.14723041653633118
L3_B1_paper_ssgc_20260913_202721,0,42,0.14695537090301514
L3_B1_paper_ssgc_20260913_202721,0,43,0.15104028582572937
L3_B1_paper_ssgc_20260913_202721,0,44,0.16011150181293488
L3_B1_paper_ssgc_20260913_202721,0,45,0.16435398161411285
L3_B1_paper_ssgc_20260913_202721,0,46,0.16438929736614227
L3_B1_paper_ssgc_20260913_202721,0,47,0.1491055190563202
L3_B1_paper_ssgc_20260913_202721,0,48,0.15311148762702942
L3_B1_paper_ssgc_20260913_202721,0,49,0.16111451387405396
L3_B1_paper_ssgc_20260913_202721,0,50,0.15067701041698456
L3_B1_paper_ssgc_20260913_202721,0,51,0.16009239852428436
L3_B1_paper_ssgc_20260913_202721,0,52,0.1685323566198349
L3_B1_paper_ssgc_20260913_202721,0,53,0.16842907667160034
L3_B1_paper_ssgc_20260913_202721,0,54,0.16756588220596313
L3_B1_paper_ssgc_20260913_202721,0,55,0.164764866232872
L3_B1_paper_ssgc_20260913_202721,0,56,0.18800021708011627
L3_B1_paper_ssgc_20260913_202721,0,57,0.17689231038093567
L3_B1_paper_ssgc_20260913_202721,0,58,0.1695399284362793
L3_B1_paper_ssgc_20260913_202721,0,59,0.17565003037452698
L3_B1_paper_ssgc_20260913_202721,0,60,0.17398475110530853
L3_B1_paper_ssgc_20260913_202721,0,61,0.16959649324417114
L3_B1_paper_ssgc_20260913_202721,0,62,0.1670713722705841
L3_B1_paper_ssgc_20260913_202721,0,63,0.16915424168109894
L3_B1_paper_ssgc_20260913_202721,0,64,0.17675882577896118
L3_B1_paper_ssgc_20260913_202721,0,65,0.17710259556770325
L3_B1_paper_ssgc_20260913_202721,0,66,0.18162503838539124
L3_B1_paper_ssgc_20260913_202721,0,67,0.18106557428836823
L3_B1_paper_ssgc_20260913_202721,0,68,0.18834559619426727
L3_B1_paper_ssgc_20260913_202721,0,69,0.18144550919532776
L3_B1_paper_ssgc_20260913_202721,0,70,0.18088458478450775
L3_B1_paper_ssgc_20260913_202721,0,71,0.18090033531188965
L3_B1_paper_ssgc_20260913_202721,0,72,0.18304337561130524
L3_B1_paper_ssgc_20260913_202721,0,73,0.18307186663150787
L3_B1_paper_ssgc_20260913_202721,0,74,0.18839412927627563
L3_B1_paper_ssgc_20260913_202721,0,75,0.1784346103668213
L3_B1_paper_ssgc_20260913_202721,0,76,0.17843542993068695
L3_B1_paper_ssgc_20260913_202721,0,77,0.18783634901046753
L3_B1_paper_ssgc_20260913_202721,0,78,0.1892217993736267
L3_B1_paper_ssgc_20260913_202721,0,79,0.18697834014892578
L3_B1_paper_ssgc_20260913_202721,0,80,0.17934095859527588
L3_B1_paper_ssgc_20260913_202721,0,81,0.1702776700258255
L3_B1_paper_ssgc_20260913_202721,0,82,0.16936597228050232
L3_B1_paper_ssgc_20260913_202721,0,83,0.1722448617219925
L3_B1_paper_ssgc_20260913_202721,0,84,0.16007131338119507
L3_B1_paper_ssgc_20260913_202721,0,85,0.15675479173660278
L3_B1_paper_ssgc_20260913_202721,0,86,0.15187475085258484
L3_B1_paper_ssgc_20260913_202721,0,87,0.1604262739419937
L3_B1_paper_ssgc_20260913_202721,0,88,0.16029812395572662
L3_B1_paper_ssgc_20260913_202721,0,89,0.15780889987945557
L3_B1_paper_ssgc_20260913_202721,0,90,0.1632051318883896
L3_B1_paper_ssgc_20260913_202721,0,91,0.16546346247196198
L3_B1_paper_ssgc_20260913_202721,0,92,0.1658620536327362
L3_B1_paper_ssgc_20260913_202721,0,93,0.16271410882472992
L3_B1_paper_ssgc_20260913_202721,0,94,0.1700282096862793
L3_B1_paper_ssgc_20260913_202721,0,95,0.17079241573810577
L3_B1_paper_ssgc_20260913_202721,0,96,0.1667051613330841
L3_B1_paper_ssgc_20260913_202721,0,97,0.16661427915096283
L3_B1_paper_ssgc_20260913_202721,0,98,0.17560893297195435
L3_B1_paper_ssgc_20260913_202721,0,99,0.17306460440158844
L3_B1_paper_ssgc_20260913_202721,0,100,0.17141713201999664
L3_B1_paper_ssgc_20260913_202721,0,101,0.1754862368106842
L3_B1_paper_ssgc_20260913_202721,0,102,0.17569725215435028
L3_B1_paper_ssgc_20260913_202721,0,103,0.17886866629123688
L3_B1_paper_ssgc_20260913_202721,1,1,0.20530737936496735
L3_B1_paper_ssgc_20260913_202721,1,2,0.17610414326190948
L3_B1_paper_ssgc_20260913_202721,1,3,0.12281134724617004
L3_B1_paper_ssgc_20260913_202721,1,4,0.09696619212627411
L3_B1_paper_ssgc_20260913_202721,1,5,0.06824463605880737
L3_B1_paper_ssgc_20260913_202721,1,6,0.06036273017525673
L3_B1_paper_ssgc_20260913_202721,1,7,0.05490253120660782
L3_B1_paper_ssgc_20260913_202721,1,8,0.059184491634368896
L3_B1_paper_ssgc_20260913_202721,1,9,0.06301909685134888
L3_B1_paper_ssgc_20260913_202721,1,10,0.06491358578205109
L3_B1_paper_ssgc_20260913_202721,1,11,0.07137392461299896
L3_B1_paper_ssgc_20260913_202721,1,12,0.0753282979130745
L3_B1_paper_ssgc_20260913_202721,1,13,0.09942615032196045
L3_B1_paper_ssgc_20260913_202721,1,14,0.10473248362541199
L3_B1_paper_ssgc_20260913_202721,1,15,0.11521974205970764
L3_B1_paper_ssgc_20260913_202721,1,16,0.1311267912387848
L3_B1_paper_ssgc_20260913_202721,1,17,0.12268470227718353
L3_B1_paper_ssgc_20260913_202721,1,18,0.11955311894416809
L3_B1_paper_ssgc_20260913_202721,1,19,0.13526774942874908
L3_B1_paper_ssgc_20260913_202721,1,20,0.14423760771751404
L3_B1_paper_ssgc_20260913_202721,1,21,0.1425103098154068
L3_B1_paper_ssgc_20260913_202721,1,22,0.1371293067932129
L3_B1_paper_ssgc_20260913_202721,1,23,0.15291938185691833
L3_B1_paper_ssgc_20260913_202721,1,24,0.1473052203655243
L3_B1_paper_ssgc_20260913_202721,1,25,0.13797511160373688
L3_B1_paper_ssgc_20260913_202721,1,26,0.12522126734256744
L3_B1_paper_ssgc_20260913_202721,1,27,0.11879906058311462
L3_B1_paper_ssgc_20260913_202721,1,28,0.13103953003883362
L3_B1_paper_ssgc_20260913_202721,1,29,0.13591723144054413
L3_B1_paper_ssgc_20260913_202721,1,30,0.13661280274391174
L3_B1_paper_ssgc_20260913_202721,1,31,0.12982773780822754
L3_B1_paper_ssgc_20260913_202721,1,32,0.154189333319664
L3_B1_paper_ssgc_20260913_202721,1,33,0.1417139619588852
L3_B1_paper_ssgc_20260913_202721,1,34,0.13405710458755493
L3_B1_paper_ssgc_20260913_202721,1,35,0.1354539394378662
L3_B1_paper_ssgc_20260913_202721,1,36,0.13547542691230774
L3_B1_paper_ssgc_20260913_202721,1,37,0.14734411239624023
L3_B1_paper_ssgc_20260913_202721,1,38,0.15168488025665283
L3_B1_paper_ssgc_20260913_202721,1,39,0.1596108078956604
L3_B1_paper_ssgc_20260913_202721,1,40,0.16052483022212982
L3_B1_paper_ssgc_20260913_202721,1,41,0.16055969893932343
L3_B1_paper_ssgc_20260913_202721,1,42,0.1602259874343872
L3_B1_paper_ssgc_20260913_202721,1,43,0.16408124566078186
L3_B1_paper_ssgc_20260913_202721,1,44,0.14437618851661682
L3_B1_paper_ssgc_20260913_202721,1,45,0.14579765498638153
L3_B1_paper_ssgc_20260913_202721,1,46,0.15065035223960876
L3_B1_paper_ssgc_20260913_202721,1,47,0.14401908218860626
L3_B1_paper_ssgc_20260913_202721,1,48,0.15344840288162231
L3_B1_paper_ssgc_20260913_202721,1,49,0.1824289709329605
L3_B1_paper_ssgc_20260913_202721,1,50,0.16308172047138214
L3_B1_paper_ssgc_20260913_202721,1,51,0.1697452813386917
L3_B1_paper_ssgc_20260913_202721,1,52,0.1659068465232849
L3_B1_paper_ssgc_20260913_202721,1,53,0.1664765179157257
L3_B1_paper_ssgc_20260913_202721,1,54,0.1646658033132553
L3_B1_paper_ssgc_20260913_202721,1,55,0.1583811640739441
L3_B1_paper_ssgc_20260913_202721,1,56,0.14362552762031555
L3_B1_paper_ssgc_20260913_202721,1,57,0.14519627392292023
L3_B1_paper_ssgc_20260913_202721,1,58,0.13909916579723358
L3_B1_paper_ssgc_20260913_202721,1,59,0.14562511444091797
L3_B1_paper_ssgc_20260913_202721,1,60,0.13961587846279144
L3_B1_paper_ssgc_20260913_202721,1,61,0.14510247111320496
L3_B1_paper_ssgc_20260913_202721,1,62,0.13814711570739746
L3_B1_paper_ssgc_20260913_202721,1,63,0.1370864361524582
L3_B1_paper_ssgc_20260913_202721,1,64,0.13604293763637543
L3_B1_paper_ssgc_20260913_202721,1,65,0.1356814205646515
L3_B1_paper_ssgc_20260913_202721,1,66,0.14088812470436096
L3_B1_paper_ssgc_20260913_202721,1,67,0.1399904042482376
L3_B1_paper_ssgc_20260913_202721,1,68,0.13669180870056152
L3_B1_paper_ssgc_20260913_202721,1,69,0.12962360680103302
L3_B1_paper_ssgc_20260913_202721,1,70,0.13208894431591034
L3_B1_paper_ssgc_20260913_202721,1,71,0.13206106424331665
L3_B1_paper_ssgc_20260913_202721,1,72,0.1302642673254013
L3_B1_paper_ssgc_20260913_202721,1,73,0.13057903945446014
L3_B1_paper_ssgc_20260913_202721,1,74,0.1383451670408249
L3_B1_paper_ssgc_20260913_202721,1,75,0.13143324851989746
L3_B1_paper_ssgc_20260913_202721,1,76,0.1314307600259781
L3_B1_paper_ssgc_20260913_202721,1,77,0.13836292922496796
L3_B1_paper_ssgc_20260913_202721,1,78,0.1388970911502838
L3_B1_paper_ssgc_20260913_202721,1,79,0.14437362551689148
L3_B1_paper_ssgc_20260913_202721,1,80,0.14264686405658722
L3_B1_paper_ssgc_20260913_202721,1,81,0.14672428369522095
L3_B1_paper_ssgc_20260913_202721,1,82,0.14392007887363434
L3_B1_paper_ssgc_20260913_202721,1,83,0.14155960083007812
L3_B1_paper_ssgc_20260913_202721,1,84,0.153147354722023
L3_B1_paper_ssgc_20260913_202721,1,85,0.1605823040008545
L3_B1_paper_ssgc_20260913_202721,1,86,0.1607569009065628
L3_B1_paper_ssgc_20260913_202721,1,87,0.16120792925357819
L3_B1_paper_ssgc_20260913_202721,1,88,0.1652406007051468
L3_B1_paper_ssgc_20260913_202721,1,89,0.16021059453487396
L3_B1_paper_ssgc_20260913_202721,1,90,0.15935355424880981
L3_B1_paper_ssgc_20260913_202721,1,91,0.1480180025100708
L3_B1_paper_ssgc_20260913_202721,1,92,0.15058691799640656
L3_B1_paper_ssgc_20260913_202721,1,93,0.14694000780582428
L3_B1_paper_ssgc_20260913_202721,1,94,0.15062497556209564
L3_B1_paper_ssgc_20260913_202721,1,95,0.150028258562088
L3_B1_paper_ssgc_20260913_202721,1,96,0.14257897436618805
L3_B1_paper_ssgc_20260913_202721,1,97,0.14257821440696716
L3_B1_paper_ssgc_20260913_202721,1,98,0.1370205581188202
L3_B1_paper_ssgc_20260913_202721,1,99,0.1418539434671402
L3_B1_paper_ssgc_20260913_202721,1,100,0.14182798564434052
L3_B1_paper_ssgc_20260913_202721,1,101,0.14584052562713623
L3_B1_paper_ssgc_20260913_202721,1,102,0.14586007595062256
L3_B1_paper_ssgc_20260913_202721,1,103,0.1480863392353058
L3_B1_paper_ssgc_20260913_202721,2,1,0.22225432097911835
L3_B1_paper_ssgc_20260913_202721,2,2,0.19063177704811096
L3_B1_paper_ssgc_20260913_202721,2,3,0.13090883195400238
L3_B1_paper_ssgc_20260913_202721,2,4,0.10864917933940887
L3_B1_paper_ssgc_20260913_202721,2,5,0.07836782932281494
L3_B1_paper_ssgc_20260913_202721,2,6,0.08202621340751648
L3_B1_paper_ssgc_20260913_202721,2,7,0.07784131169319153
L3_B1_paper_ssgc_20260913_202721,2,8,0.08648385107517242
L3_B1_paper_ssgc_20260913_202721,2,9,0.09346489608287811
L3_B1_paper_ssgc_20260913_202721,2,10,0.09518256783485413
L3_B1_paper_ssgc_20260913_202721,2,11,0.09802599251270294
L3_B1_paper_ssgc_20260913_202721,2,12,0.08717425167560577
L3_B1_paper_ssgc_20260913_202721,2,13,0.10080066323280334
L3_B1_paper_ssgc_20260913_202721,2,14,0.11380010843276978
L3_B1_paper_ssgc_20260913_202721,2,15,0.11632370948791504
L3_B1_paper_ssgc_20260913_202721,2,16,0.13067401945590973
L3_B1_paper_ssgc_20260913_202721,2,17,0.11724130809307098
L3_B1_paper_ssgc_20260913_202721,2,18,0.11495885252952576
L3_B1_paper_ssgc_20260913_202721,2,19,0.0971813052892685
L3_B1_paper_ssgc_20260913_202721,2,20,0.1103312075138092
L3_B1_paper_ssgc_20260913_202721,2,21,0.11155922710895538
L3_B1_paper_ssgc_20260913_202721,2,22,0.09686516225337982
L3_B1_paper_ssgc_20260913_202721,2,23,0.10137873888015747
L3_B1_paper_ssgc_20260913_202721,2,24,0.09539203345775604
L3_B1_paper_ssgc_20260913_202721,2,25,0.08998771011829376
L3_B1_paper_ssgc_20260913_202721,2,26,0.09329383075237274
L3_B1_paper_ssgc_20260913_202721,2,27,0.09724552929401398
L3_B1_paper_ssgc_20260913_202721,2,28,0.10755422711372375
L3_B1_paper_ssgc_20260913_202721,2,29,0.11114400625228882
L3_B1_paper_ssgc_20260913_202721,2,30,0.1050766259431839
L3_B1_paper_ssgc_20260913_202721,2,31,0.10180622339248657
L3_B1_paper_ssgc_20260913_202721,2,32,0.11364483833312988
L3_B1_paper_ssgc_20260913_202721,2,33,0.13095100224018097
L3_B1_paper_ssgc_20260913_202721,2,34,0.1365528404712677
L3_B1_paper_ssgc_20260913_202721,2,35,0.13603457808494568
L3_B1_paper_ssgc_20260913_202721,2,36,0.15691117942333221
L3_B1_paper_ssgc_20260913_202721,2,37,0.14658944308757782
L3_B1_paper_ssgc_20260913_202721,2,38,0.1394134908914566
L3_B1_paper_ssgc_20260913_202721,2,39,0.14806877076625824
L3_B1_paper_ssgc_20260913_202721,2,40,0.15224017202854156
L3_B1_paper_ssgc_20260913_202721,2,41,0.1514519602060318
L3_B1_paper_ssgc_20260913_202721,2,42,0.1516541838645935
L3_B1_paper_ssgc_20260913_202721,2,43,0.1645834743976593
L3_B1_paper_ssgc_20260913_202721,2,44,0.15351104736328125
L3_B1_paper_ssgc_20260913_202721,2,45,0.14249886572360992
L3_B1_paper_ssgc_20260913_202721,2,46,0.13891126215457916
L3_B1_paper_ssgc_20260913_202721,2,47,0.1446918100118637
L3_B1_paper_ssgc_20260913_202721,2,48,0.13981233537197113
L3_B1_paper_ssgc_20260913_202721,2,49,0.16398680210113525
L3_B1_paper_ssgc_20260913_202721,2,50,0.17498093843460083
L3_B1_paper_ssgc_20260913_202721,2,51,0.164756640791893
L3_B1_paper_ssgc_20260913_202721,2,52,0.16930590569972992
L3_B1_paper_ssgc_20260913_202721,2,53,0.16950905323028564
L3_B1_paper_ssgc_20260913_202721,2,54,0.17045676708221436
L3_B1_paper_ssgc_20260913_202721,2,55,0.1857830137014389
L3_B1_paper_ssgc_20260913_202721,2,56,0.2085340917110443
L3_B1_paper_ssgc_20260913_202721,2,57,0.20217184722423553
L3_B1_paper_ssgc_20260913_202721,2,58,0.2093702256679535
L3_B1_paper_ssgc_20260913_202721,2,59,0.21805065870285034
L3_B1_paper_ssgc_20260913_202721,2,60,0.2093784362077713
L3_B1_paper_ssgc_20260913_202721,2,61,0.19524875283241272
L3_B1_paper_ssgc_20260913_202721,2,62,0.2013336718082428
L3_B1_paper_ssgc_20260913_202721,2,63,0.19982823729515076
L3_B1_paper_ssgc_20260913_202721,2,64,0.19396445155143738
L3_B1_paper_ssgc_20260913_202721,2,65,0.19369158148765564
L3_B1_paper_ssgc_20260913_202721,2,66,0.20539210736751556
L3_B1_paper_ssgc_20260913_202721,2,67,0.19753561913967133
L3_B1_paper_ssgc_20260913_202721,2,68,0.20704525709152222
L3_B1_paper_ssgc_20260913_202721,2,69,0.21975070238113403
L3_B1_paper_ssgc_20260913_202721,2,70,0.21514832973480225
L3_B1_paper_ssgc_20260913_202721,2,71,0.2150670737028122
L3_B1_paper_ssgc_20260913_202721,2,72,0.21255560219287872
L3_B1_paper_ssgc_20260913_202721,2,73,0.21365956962108612
L3_B1_paper_ssgc_20260913_202721,2,74,0.22450459003448486
L3_B1_paper_ssgc_20260913_202721,2,75,0.2197788506746292
L3_B1_paper_ssgc_20260913_202721,2,76,0.21974746882915497
L3_B1_paper_ssgc_20260913_202721,2,77,0.2091352492570877
L3_B1_paper_ssgc_20260913_202721,2,78,0.21058304607868195
L3_B1_paper_ssgc_20260913_202721,2,79,0.2188515067100525
L3_B1_paper_ssgc_20260913_202721,2,80,0.21081753075122833
L3_B1_paper_ssgc_20260913_202721,2,81,0.2135412096977234
L3_B1_paper_ssgc_20260913_202721,2,82,0.20673498511314392
L3_B1_paper_ssgc_20260913_202721,2,83,0.2160155177116394
L3_B1_paper_ssgc_20260913_202721,2,84,0.21043092012405396
L3_B1_paper_ssgc_20260913_202721,2,85,0.2199491262435913
L3_B1_paper_ssgc_20260913_202721,2,86,0.21583805978298187
L3_B1_paper_ssgc_20260913_202721,2,87,0.2055426985025406
L3_B1_paper_ssgc_20260913_202721,2,88,0.2104964703321457
L3_B1_paper_ssgc_20260913_202721,2,89,0.2150135636329651
L3_B1_paper_ssgc_20260913_202721,2,90,0.21222400665283203
L3_B1_paper_ssgc_20260913_202721,2,91,0.1988910436630249
L3_B1_paper_ssgc_20260913_202721,2,92,0.2061588317155838
L3_B1_paper_ssgc_20260913_202721,2,93,0.2021775096654892
L3_B1_paper_ssgc_20260913_202721,2,94,0.19940757751464844
L3_B1_paper_ssgc_20260913_202721,2,95,0.1993483453989029
L3_B1_paper_ssgc_20260913_202721,2,96,0.19029514491558075
L3_B1_paper_ssgc_20260913_202721,2,97,0.1902007907629013
L3_B1_paper_ssgc_20260913_202721,2,98,0.1847558617591858
L3_B1_paper_ssgc_20260913_202721,2,99,0.19215090572834015
L3_B1_paper_ssgc_20260913_202721,2,100,0.18740214407444
L3_B1_paper_ssgc_20260913_202721,2,101,0.19247150421142578
L3_B1_paper_ssgc_20260913_202721,2,102,0.19245295226573944
L3_B1_paper_ssgc_20260913_202721,2,103,0.19962115585803986
L3_B1_paper_ssgc_20260913_202721,3,1,0.2704206109046936
L3_B1_paper_ssgc_20260913_202721,3,2,0.22814515233039856
L3_B1_paper_ssgc_20260913_202721,3,3,0.14376096427440643
L3_B1_paper_ssgc_20260913_202721,3,4,0.1046600341796875
L3_B1_paper_ssgc_20260913_202721,3,5,0.07269017398357391
L3_B1_paper_ssgc_20260913_202721,3,6,0.06708502769470215
L3_B1_paper_ssgc_20260913_202721,3,7,0.06783702969551086
L3_B1_paper_ssgc_20260913_202721,3,8,0.06583338975906372
L3_B1_paper_ssgc_20260913_202721,3,9,0.0684637576341629
L3_B1_paper_ssgc_20260913_202721,3,10,0.07075865566730499
L3_B1_paper_ssgc_20260913_202721,3,11,0.07218218594789505
L3_B1_paper_ssgc_20260913_202721,3,12,0.06693582981824875
L3_B1_paper_ssgc_20260913_202721,3,13,0.07541951537132263
L3_B1_paper_ssgc_20260913_202721,3,14,0.09022033214569092
L3_B1_paper_ssgc_20260913_202721,3,15,0.09102477133274078
L3_B1_paper_ssgc_20260913_202721,3,16,0.0899297446012497
L3_B1_paper_ssgc_20260913_202721,3,17,0.08715896308422089
L3_B1_paper_ssgc_20260913_202721,3,18,0.08557677268981934
L3_B1_paper_ssgc_20260913_202721,3,19,0.07671802490949631
L3_B1_paper_ssgc_20260913_202721,3,20,0.07686078548431396
L3_B1_paper_ssgc_20260913_202721,3,21,0.07784129679203033
L3_B1_paper_ssgc_20260913_202721,3,22,0.06952774524688721
L3_B1_paper_ssgc_20260913_202721,3,23,0.0740593820810318
L3_B1_paper_ssgc_20260913_202721,3,24,0.07119987905025482
L3_B1_paper_ssgc_20260913_202721,3,25,0.06584103405475616
L3_B1_paper_ssgc_20260913_202721,3,26,0.06066698208451271
L3_B1_paper_ssgc_20260913_202721,3,27,0.05893422290682793
L3_B1_paper_ssgc_20260913_202721,3,28,0.052525535225868225
L3_B1_paper_ssgc_20260913_202721,3,29,0.05315200239419937
L3_B1_paper_ssgc_20260913_202721,3,30,0.0514710508286953
L3_B1_paper_ssgc_20260913_202721,3,31,0.04697030410170555
L3_B1_paper_ssgc_20260913_202721,3,32,0.04903097078204155
L3_B1_paper_ssgc_20260913_202721,3,33,0.05072404444217682
L3_B1_paper_ssgc_20260913_202721,3,34,0.0526617094874382
L3_B1_paper_ssgc_20260913_202721,3,35,0.052310217171907425
L3_B1_paper_ssgc_20260913_202721,3,36,0.05338191241025925
L3_B1_paper_ssgc_20260913_202721,3,37,0.05791362375020981
L3_B1_paper_ssgc_20260913_202721,3,38,0.0572880282998085
L3_B1_paper_ssgc_20260913_202721,3,39,0.05857890099287033
L3_B1_paper_ssgc_20260913_202721,3,40,0.058010637760162354
L3_B1_paper_ssgc_20260913_202721,3,41,0.057952675968408585
L3_B1_paper_ssgc_20260913_202721,3,42,0.058183327317237854
L3_B1_paper_ssgc_20260913_202721,3,43,0.05342373624444008
L3_B1_paper_ssgc_20260913_202721,3,44,0.051847703754901886
L3_B1_paper_ssgc_20260913_202721,3,45,0.05269211158156395
L3_B1_paper_ssgc_20260913_202721,3,46,0.05130887031555176
L3_B1_paper_ssgc_20260913_202721,3,47,0.05057220533490181
L3_B1_paper_ssgc_20260913_202721,3,48,0.04976622760295868
L3_B1_paper_ssgc_20260913_202721,3,49,0.048851191997528076
L3_B1_paper_ssgc_20260913_202721,3,50,0.047234177589416504
L3_B1_paper_ssgc_20260913_202721,3,51,0.04728173464536667
L3_B1_paper_ssgc_20260913_202721,3,52,0.04875842481851578
L3_B1_paper_ssgc_20260913_202721,3,53,0.048711758106946945
L3_B1_paper_ssgc_20260913_202721,3,54,0.048952121287584305
L3_B1_paper_ssgc_20260913_202721,3,55,0.04652395844459534
L3_B1_paper_ssgc_20260913_202721,3,56,0.04583721607923508
L3_B1_paper_ssgc_20260913_202721,3,57,0.04542560130357742
L3_B1_paper_ssgc_20260913_202721,3,58,0.04714531823992729
L3_B1_paper_ssgc_20260913_202721,3,59,0.04682712256908417
L3_B1_paper_ssgc_20260913_202721,3,60,0.0469839870929718
L3_B1_paper_ssgc_20260913_202721,3,61,0.04500310495495796
L3_B1_paper_ssgc_20260913_202721,3,62,0.0456404834985733
L3_B1_paper_ssgc_20260913_202721,3,63,0.045398395508527756
L3_B1_paper_ssgc_20260913_202721,3,64,0.04259531944990158
L3_B1_paper_ssgc_20260913_202721,3,65,0.04251563549041748
L3_B1_paper_ssgc_20260913_202721,3,66,0.04416780546307564
L3_B1_paper_ssgc_20260913_202721,3,67,0.04480406641960144
L3_B1_paper_ssgc_20260913_202721,3,68,0.04507007449865341
L3_B1_paper_ssgc_20260913_202721,3,69,0.045436836779117584
L3_B1_paper_ssgc_20260913_202721,3,70,0.04531991854310036
L3_B1_paper_ssgc_20260913_202721,3,71,0.045329004526138306
L3_B1_paper_ssgc_20260913_202721,3,72,0.045320820063352585
L3_B1_paper_ssgc_20260913_202721,3,73,0.04531724750995636
L3_B1_paper_ssgc_20260913_202721,3,74,0.04389311000704765
L3_B1_paper_ssgc_20260913_202721,3,75,0.04331960529088974
L3_B1_paper_ssgc_20260913_202721,3,76,0.043321412056684494
L3_B1_paper_ssgc_20260913_202721,3,77,0.04509131610393524
L3_B1_paper_ssgc_20260913_202721,3,78,0.04526325687766075
L3_B1_paper_ssgc_20260913_202721,3,79,0.0447736531496048
L3_B1_paper_ssgc_20260913_202721,3,80,0.04330076277256012
L3_B1_paper_ssgc_20260913_202721,3,81,0.04313933104276657
L3_B1_paper_ssgc_20260913_202721,3,82,0.04303891211748123
L3_B1_paper_ssgc_20260913_202721,3,83,0.04319366067647934
L3_B1_paper_ssgc_20260913_202721,3,84,0.04429952800273895
L3_B1_paper_ssgc_20260913_202721,3,85,0.04328204318881035
L3_B1_paper_ssgc_20260913_202721,3,86,0.04221595078706741
L3_B1_paper_ssgc_20260913_202721,3,87,0.04226548969745636
L3_B1_paper_ssgc_20260913_202721,3,88,0.0414806604385376
L3_B1_paper_ssgc_20260913_202721,3,89,0.042085565626621246
L3_B1_paper_ssgc_20260913_202721,3,90,0.04217139258980751
L3_B1_paper_ssgc_20260913_202721,3,91,0.043561533093452454
L3_B1_paper_ssgc_20260913_202721,3,92,0.042966343462467194
L3_B1_paper_ssgc_20260913_202721,3,93,0.04280176758766174
L3_B1_paper_ssgc_20260913_202721,3,94,0.04390261694788933
L3_B1_paper_ssgc_20260913_202721,3,95,0.043861497193574905
L3_B1_paper_ssgc_20260913_202721,3,96,0.04493802785873413
L3_B1_paper_ssgc_20260913_202721,3,97,0.044678058475255966
L3_B1_paper_ssgc_20260913_202721,3,98,0.045911677181720734
L3_B1_paper_ssgc_20260913_202721,3,99,0.04473426938056946
L3_B1_paper_ssgc_20260913_202721,3,100,0.04531366378068924
L3_B1_paper_ssgc_20260913_202721,3,101,0.044397927820682526
L3_B1_paper_ssgc_20260913_202721,3,102,0.04438512399792671
L3_B1_paper_ssgc_20260913_202721,3,103,0.04348008334636688
L3_B1_paper_ssgc_20260913_202721,4,1,0.2477867305278778
L3_B1_paper_ssgc_20260913_202721,4,2,0.22048014402389526
L3_B1_paper_ssgc_20260913_202721,4,3,0.15220750868320465
L3_B1_paper_ssgc_20260913_202721,4,4,0.11557641625404358
L3_B1_paper_ssgc_20260913_202721,4,5,0.09400966763496399
L3_B1_paper_ssgc_20260913_202721,4,6,0.08437469601631165
L3_B1_paper_ssgc_20260913_202721,4,7,0.08383207023143768
L3_B1_paper_ssgc_20260913_202721,4,8,0.07747919857501984
L3_B1_paper_ssgc_20260913_202721,4,9,0.08239081501960754
L3_B1_paper_ssgc_20260913_202721,4,10,0.09474381804466248
L3_B1_paper_ssgc_20260913_202721,4,11,0.09544999897480011
L3_B1_paper_ssgc_20260913_202721,4,12,0.09845097362995148
L3_B1_paper_ssgc_20260913_202721,4,13,0.10346166789531708
L3_B1_paper_ssgc_20260913_202721,4,14,0.12830761075019836
L3_B1_paper_ssgc_20260913_202721,4,15,0.12828005850315094
L3_B1_paper_ssgc_20260913_202721,4,16,0.12345173954963684
L3_B1_paper_ssgc_20260913_202721,4,17,0.10188581049442291
L3_B1_paper_ssgc_20260913_202721,4,18,0.09897957742214203
L3_B1_paper_ssgc_20260913_202721,4,19,0.09557564556598663
L3_B1_paper_ssgc_20260913_202721,4,20,0.09863924980163574
L3_B1_paper_ssgc_20260913_202721,4,21,0.099927619099617
L3_B1_paper_ssgc_20260913_202721,4,22,0.09342300891876221
L3_B1_paper_ssgc_20260913_202721,4,23,0.09336386620998383
L3_B1_paper_ssgc_20260913_202721,4,24,0.10524807870388031
L3_B1_paper_ssgc_20260913_202721,4,25,0.10791288316249847
L3_B1_paper_ssgc_20260913_202721,4,26,0.08930373191833496
L3_B1_paper_ssgc_20260913_202721,4,27,0.1018291562795639
L3_B1_paper_ssgc_20260913_202721,4,28,0.09172084927558899
L3_B1_paper_ssgc_20260913_202721,4,29,0.09028981626033783
L3_B1_paper_ssgc_20260913_202721,4,30,0.07926969230175018
L3_B1_paper_ssgc_20260913_202721,4,31,0.08310014009475708
L3_B1_paper_ssgc_20260913_202721,4,32,0.0746607631444931
L3_B1_paper_ssgc_20260913_202721,4,33,0.08012771606445312
L3_B1_paper_ssgc_20260913_202721,4,34,0.0848136842250824
L3_B1_paper_ssgc_20260913_202721,4,35,0.09538589417934418
L3_B1_paper_ssgc_20260913_202721,4,36,0.0946805328130722
L3_B1_paper_ssgc_20260913_202721,4,37,0.0892506092786789
L3_B1_paper_ssgc_20260913_202721,4,38,0.08775317668914795
L3_B1_paper_ssgc_20260913_202721,4,39,0.0897681713104248
L3_B1_paper_ssgc_20260913_202721,4,40,0.08892667293548584
L3_B1_paper_ssgc_20260913_202721,4,41,0.08901254832744598
L3_B1_paper_ssgc_20260913_202721,4,42,0.0876801460981369
L3_B1_paper_ssgc_20260913_202721,4,43,0.0811847597360611
L3_B1_paper_ssgc_20260913_202721,4,44,0.07906915247440338
L3_B1_paper_ssgc_20260913_202721,4,45,0.07729806751012802
L3_B1_paper_ssgc_20260913_202721,4,46,0.08527229726314545
L3_B1_paper_ssgc_20260913_202721,4,47,0.09272508323192596
L3_B1_paper_ssgc_20260913_202721,4,48,0.09039957821369171
L3_B1_paper_ssgc_20260913_202721,4,49,0.07584299147129059
L3_B1_paper_ssgc_20260913_202721,4,50,0.07448990643024445
L3_B1_paper_ssgc_20260913_202721,4,51,0.07347097247838974
L3_B1_paper_ssgc_20260913_202721,4,52,0.08335262537002563
L3_B1_paper_ssgc_20260913_202721,4,53,0.08343976736068726
L3_B1_paper_ssgc_20260913_202721,4,54,0.08356916904449463
L3_B1_paper_ssgc_20260913_202721,4,55,0.09195967018604279
L3_B1_paper_ssgc_20260913_202721,4,56,0.09226848185062408
L3_B1_paper_ssgc_20260913_202721,4,57,0.09049171209335327
L3_B1_paper_ssgc_20260913_202721,4,58,0.0879562646150589
L3_B1_paper_ssgc_20260913_202721,4,59,0.08388495445251465
L3_B1_paper_ssgc_20260913_202721,4,60,0.08266343176364899
L3_B1_paper_ssgc_20260913_202721,4,61,0.07799643278121948
L3_B1_paper_ssgc_20260913_202721,4,62,0.0792691707611084
L3_B1_paper_ssgc_20260913_202721,4,63,0.07933766394853592
L3_B1_paper_ssgc_20260913_202721,4,64,0.09004512429237366
L3_B1_paper_ssgc_20260913_202721,4,65,0.09031181037425995
L3_B1_paper_ssgc_20260913_202721,4,66,0.095793217420578
L3_B1_paper_ssgc_20260913_202721,4,67,0.09274865686893463
L3_B1_paper_ssgc_20260913_202721,4,68,0.08952830731868744
L3_B1_paper_ssgc_20260913_202721,4,69,0.08911140263080597
L3_B1_paper_ssgc_20260913_202721,4,70,0.09028223156929016
L3_B1_paper_ssgc_20260913_202721,4,71,0.09033438563346863
L3_B1_paper_ssgc_20260913_202721,4,72,0.09035852551460266
L3_B1_paper_ssgc_20260913_202721,4,73,0.0904073417186737
L3_B1_paper_ssgc_20260913_202721,4,74,0.09578065574169159
L3_B1_paper_ssgc_20260913_202721,4,75,0.09097656607627869
L3_B1_paper_ssgc_20260913_202721,4,76,0.09097343683242798
L3_B1_paper_ssgc_20260913_202721,4,77,0.08685950934886932
L3_B1_paper_ssgc_20260913_202721,4,78,0.088812455534935
L3_B1_paper_ssgc_20260913_202721,4,79,0.08648322522640228
L3_B1_paper_ssgc_20260913_202721,4,80,0.08569440245628357
L3_B1_paper_ssgc_20260913_202721,4,81,0.08373069763183594
L3_B1_paper_ssgc_20260913_202721,4,82,0.08643437922000885
L3_B1_paper_ssgc_20260913_202721,4,83,0.08540776371955872
L3_B1_paper_ssgc_20260913_202721,4,84,0.08266285061836243
L3_B1_paper_ssgc_20260913_202721,4,85,0.07849804311990738
L3_B1_paper_ssgc_20260913_202721,4,86,0.07684414088726044
L3_B1_paper_ssgc_20260913_202721,4,87,0.07666218280792236
L3_B1_paper_ssgc_20260913_202721,4,88,0.0749206468462944
L3_B1_paper_ssgc_20260913_202721,4,89,0.07713846862316132
L3_B1_paper_ssgc_20260913_202721,4,90,0.07713506370782852
L3_B1_paper_ssgc_20260913_202721,4,91,0.07342015951871872
L3_B1_paper_ssgc_20260913_202721,4,92,0.07615187764167786
L3_B1_paper_ssgc_20260913_202721,4,93,0.07460016757249832
L3_B1_paper_ssgc_20260913_202721,4,94,0.07560902833938599
L3_B1_paper_ssgc_20260913_202721,4,95,0.07548768073320389
L3_B1_paper_ssgc_20260913_202721,4,96,0.07910715043544769
L3_B1_paper_ssgc_20260913_202721,4,97,0.07942935824394226
L3_B1_paper_ssgc_20260913_202721,4,98,0.0820586085319519
L3_B1_paper_ssgc_20260913_202721,4,99,0.08402962982654572
L3_B1_paper_ssgc_20260913_202721,4,100,0.08447806537151337
L3_B1_paper_ssgc_20260913_202721,4,101,0.08228932321071625
L3_B1_paper_ssgc_20260913_202721,4,102,0.08222392946481705
L3_B1_paper_ssgc_20260913_202721,4,103,0.07972733676433563
L3_B1_paper_ssgc_20260913_202721,5,1,0.22287866473197937
L3_B1_paper_ssgc_20260913_202721,5,2,0.21247754991054535
L3_B1_paper_ssgc_20260913_202721,5,3,0.16721400618553162
L3_B1_paper_ssgc_20260913_202721,5,4,0.11047644913196564
L3_B1_paper_ssgc_20260913_202721,5,5,0.10215023159980774
L3_B1_paper_ssgc_20260913_202721,5,6,0.10917527973651886
L3_B1_paper_ssgc_20260913_202721,5,7,0.12466621398925781
L3_B1_paper_ssgc_20260913_202721,5,8,0.14657333493232727
L3_B1_paper_ssgc_20260913_202721,5,9,0.13571372628211975
L3_B1_paper_ssgc_20260913_202721,5,10,0.14745502173900604
L3_B1_paper_ssgc_20260913_202721,5,11,0.1513887196779251
L3_B1_paper_ssgc_20260913_202721,5,12,0.14729593694210052
L3_B1_paper_ssgc_20260913_202721,5,13,0.16456739604473114
L3_B1_paper_ssgc_20260913_202721,5,14,0.16611462831497192
L3_B1_paper_ssgc_20260913_202721,5,15,0.17334289848804474
L3_B1_paper_ssgc_20260913_202721,5,16,0.1615942120552063
L3_B1_paper_ssgc_20260913_202721,5,17,0.1845429539680481
L3_B1_paper_ssgc_20260913_202721,5,18,0.18508793413639069
L3_B1_paper_ssgc_20260913_202721,5,19,0.17213031649589539
L3_B1_paper_ssgc_20260913_202721,5,20,0.1600809544324875
L3_B1_paper_ssgc_20260913_202721,5,21,0.1519889533519745
L3_B1_paper_ssgc_20260913_202721,5,22,0.1408838927745819
L3_B1_paper_ssgc_20260913_202721,5,23,0.1409265398979187
L3_B1_paper_ssgc_20260913_202721,5,24,0.13515590131282806
L3_B1_paper_ssgc_20260913_202721,5,25,0.13393056392669678
L3_B1_paper_ssgc_20260913_202721,5,26,0.11997509002685547
L3_B1_paper_ssgc_20260913_202721,5,27,0.13232722878456116
L3_B1_paper_ssgc_20260913_202721,5,28,0.10974764823913574
L3_B1_paper_ssgc_20260913_202721,5,29,0.10949519276618958
L3_B1_paper_ssgc_20260913_202721,5,30,0.10809944570064545
L3_B1_paper_ssgc_20260913_202721,5,31,0.11227889358997345
L3_B1_paper_ssgc_20260913_202721,5,32,0.11482860147953033
L3_B1_paper_ssgc_20260913_202721,5,33,0.11210395395755768
L3_B1_paper_ssgc_20260913_202721,5,34,0.10459275543689728
L3_B1_paper_ssgc_20260913_202721,5,35,0.11056417226791382
L3_B1_paper_ssgc_20260913_202721,5,36,0.11094094812870026
L3_B1_paper_ssgc_20260913_202721,5,37,0.0981186032295227
L3_B1_paper_ssgc_20260913_202721,5,38,0.10537277162075043
L3_B1_paper_ssgc_20260913_202721,5,39,0.1106814444065094
L3_B1_paper_ssgc_20260913_202721,5,40,0.1148381382226944
L3_B1_paper_ssgc_20260913_202721,5,41,0.11511969566345215
L3_B1_paper_ssgc_20260913_202721,5,42,0.11523157358169556
L3_B1_paper_ssgc_20260913_202721,5,43,0.11685603857040405
L3_B1_paper_ssgc_20260913_202721,5,44,0.1093873381614685
L3_B1_paper_ssgc_20260913_202721,5,45,0.09914796054363251
L3_B1_paper_ssgc_20260913_202721,5,46,0.08766184747219086
L3_B1_paper_ssgc_20260913_202721,5,47,0.09432780742645264
L3_B1_paper_ssgc_20260913_202721,5,48,0.098173126578331
L3_B1_paper_ssgc_20260913_202721,5,49,0.08869397640228271
L3_B1_paper_ssgc_20260913_202721,5,50,0.09070074558258057
L3_B1_paper_ssgc_20260913_202721,5,51,0.09702308475971222
L3_B1_paper_ssgc_20260913_202721,5,52,0.10016052424907684
L3_B1_paper_ssgc_20260913_202721,5,53,0.1006285697221756
L3_B1_paper_ssgc_20260913_202721,5,54,0.1077154278755188
L3_B1_paper_ssgc_20260913_202721,5,55,0.10274600982666016
L3_B1_paper_ssgc_20260913_202721,5,56,0.1157849133014679
L3_B1_paper_ssgc_20260913_202721,5,57,0.11949966847896576
L3_B1_paper_ssgc_20260913_202721,5,58,0.12430454790592194
L3_B1_paper_ssgc_20260913_202721,5,59,0.1303653120994568
L3_B1_paper_ssgc_20260913_202721,5,60,0.12268896400928497
L3_B1_paper_ssgc_20260913_202721,5,61,0.11905127763748169
L3_B1_paper_ssgc_20260913_202721,5,62,0.12247146666049957
L3_B1_paper_ssgc_20260913_202721,5,63,0.1201591044664383
L3_B1_paper_ssgc_20260913_202721,5,64,0.12205219268798828
L3_B1_paper_ssgc_20260913_202721,5,65,0.12356337904930115
L3_B1_paper_ssgc_20260913_202721,5,66,0.11625856161117554
L3_B1_paper_ssgc_20260913_202721,5,67,0.11249379813671112
L3_B1_paper_ssgc_20260913_202721,5,68,0.1201019436120987
L3_B1_paper_ssgc_20260913_202721,5,69,0.11491456627845764
L3_B1_paper_ssgc_20260913_202721,5,70,0.11794482171535492
L3_B1_paper_ssgc_20260913_202721,5,71,0.11771789193153381
L3_B1_paper_ssgc_20260913_202721,5,72,0.11280620098114014
L3_B1_paper_ssgc_20260913_202721,5,73,0.1128673106431961
L3_B1_paper_ssgc_20260913_202721,5,74,0.10390080511569977
L3_B1_paper_ssgc_20260913_202721,5,75,0.11413022875785828
L3_B1_paper_ssgc_20260913_202721,5,76,0.11417409777641296
L3_B1_paper_ssgc_20260913_202721,5,77,0.10937663912773132
L3_B1_paper_ssgc_20260913_202721,5,78,0.10672397911548615
L3_B1_paper_ssgc_20260913_202721,5,79,0.10930263996124268
L3_B1_paper_ssgc_20260913_202721,5,80,0.1068841964006424
L3_B1_paper_ssgc_20260913_202721,5,81,0.11328950524330139
L3_B1_paper_ssgc_20260913_202721,5,82,0.10703212022781372
L3_B1_paper_ssgc_20260913_202721,5,83,0.10983581840991974
L3_B1_paper_ssgc_20260913_202721,5,84,0.11145229637622833
L3_B1_paper_ssgc_20260913_202721,5,85,0.11418785154819489
L3_B1_paper_ssgc_20260913_202721,5,86,0.1192583441734314
L3_B1_paper_ssgc_20260913_202721,5,87,0.11483295261859894
L3_B1_paper_ssgc_20260913_202721,5,88,0.11771342158317566
L3_B1_paper_ssgc_20260913_202721,5,89,0.11399208009243011
L3_B1_paper_ssgc_20260913_202721,5,90,0.11498101055622101
L3_B1_paper_ssgc_20260913_202721,5,91,0.13058041036128998
L3_B1_paper_ssgc_20260913_202721,5,92,0.1290132701396942
L3_B1_paper_ssgc_20260913_202721,5,93,0.12654699385166168
L3_B1_paper_ssgc_20260913_202721,5,94,0.12865112721920013
L3_B1_paper_ssgc_20260913_202721,5,95,0.12885212898254395
L3_B1_paper_ssgc_20260913_202721,5,96,0.1303895264863968
L3_B1_paper_ssgc_20260913_202721,5,97,0.1256115436553955
L3_B1_paper_ssgc_20260913_202721,5,98,0.12148678302764893
L3_B1_paper_ssgc_20260913_202721,5,99,0.11883915960788727
L3_B1_paper_ssgc_20260913_202721,5,100,0.11729200184345245
L3_B1_paper_ssgc_20260913_202721,5,101,0.11457498371601105
L3_B1_paper_ssgc_20260913_202721,5,102,0.11423647403717041
L3_B1_paper_ssgc_20260913_202721,5,103,0.11162006855010986
